name,party,constituency,county,status,gender,image_local_path
"HON. MEJJADONK, BENJAMIN GATHIRU",UDA,EMBAKASI CENTRAL,NAIROBI,Elected,male,https://f003.backblazeb2.com/file/serikali-images/mps/2022/HON_MEJJADONK_BENJAMIN_GATHIRU.webp
HON. (AMB.) LANGAT BENJAMIN KIPKIRUI,UDA,AINAMOI,KERICHO,Elected,male,https://f003.backblazeb2.com/file/serikali-images/mps/2022/HON_AMB_LANGAT_BENJAMIN_KIPKIRUI.webp
HON. (DR.) GICHUKI EDWIN MUGO,UDA,MATHIOYA,MURANGÁ,Elected,male,https://f003.backblazeb2.com/file/serikali-images/mps/2022/HON_DR_GICHUKI_EDWIN_MUGO.webp
HON. (DR.) JACKSON KIPKEMOI KOSGEI,UDA,,,Nominated,male,https://f003.backblazeb2.com/file/serikali-images/mps/2022/HON_DR_JACKSON_KIPKEMOI_KOSGEI.webp
HON. (DR.) MUTUNGA JOHN KANYUITHIA,UDA,TIGANIA WEST,MERU,Elected,male,https://f003.backblazeb2.com/file/serikali-images/mps/2022/HON_DR_MUTUNGA_JOHN_KANYUITHIA.webp
HON. (DR.) PUKOSE ROBERT,UDA,ENDEBESS,TRANS NZOIA,Elected,male,https://f003.backblazeb2.com/file/serikali-images/mps/2022/HON_DR_PUKOSE_ROBERT.webp
HON. (ENG.) NZAMBIA KITHUA THUDDEUS,WDM,KILOME,MAKUENI,Elected,male,https://f003.backblazeb2.com/file/serikali-images/mps/2022/HON_ENG_NZAMBIA_KITHUA_THUDDEUS.webp
HON. ABDI ALI ABDI,NAP-K,IJARA,GARISSA,Elected,male,https://f003.backblazeb2.com/file/serikali-images/mps/2022/HON_ABDI_ALI_ABDI.webp
HON. ABDI KHAMIS CHOME,WDM,VOI,TAITA TAVETA,Elected,male,https://f003.backblazeb2.com/file/serikali-images/mps/2022/HON_ABDI_KHAMIS_CHOME.webp
"HON. ABDI, YUSUF HASSAN",JP,KAMUKUNJI,NAIROBI,Elected,male,https://f003.backblazeb2.com/file/serikali-images/mps/2022/HON_ABDI_YUSUF_HASSAN.webp
HON. ABDIRAHMAN MOHAMED ABDI,JP,LAFEY,MANDERA,Elected,male,https://f003.backblazeb2.com/file/serikali-images/mps/2022/HON_ABDIRAHMAN_MOHAMED_ABDI.webp
"HON. ABDIRAHMAN, HUSSEINWEYTAN MOHAMED",ODM,MANDERA EAST,MANDERA,Elected,male,https://f003.backblazeb2.com/file/serikali-images/mps/2022/HON_ABDIRAHMAN_HUSSEINWEYTAN_MOHAMED.webp
HON. ABDULLAIH BASHIR SHEIKH,UDM,MANDERA NORTH,MANDERA,Elected,male,https://f003.backblazeb2.com/file/serikali-images/mps/2022/HON_ABDULLAIH_BASHIR_SHEIKH.webp
HON. ABUBAKAR TALIB AHMED,WDM,,,Nominated,male,https://f003.backblazeb2.com/file/serikali-images/mps/2022/HON_ABUBAKAR_TALIB_AHMED.webp
HON. ABUOR PAUL,ODM,RONGO,MIGORI,Elected,male,https://f003.backblazeb2.com/file/serikali-images/mps/2022/HON_ABUOR_PAUL.webp
"HON. ABURI, LAWRENCE MPURU",NOPEU,TIGANIA EAST,MERU,Elected,male,https://f003.backblazeb2.com/file/serikali-images/mps/2022/HON_ABURI_LAWRENCE_MPURU.webp
HON. ADHE WARIO GUYO,KANU,NORTH HORR,MARSABIT,Elected,male,https://f003.backblazeb2.com/file/serikali-images/mps/2022/HON_ADHE_WARIO_GUYO.webp
HON. ADOW ADEN MOHAMMED,ODM,WAJIR SOUTH,WAJIR,Elected,male,https://f003.backblazeb2.com/file/serikali-images/mps/2022/HON_ADOW_ADEN_MOHAMMED.webp
HON. AHMED SHAKEEL AHMED SHABBIR,IND.,KISUMU EAST,KISUMU,Elected,male,https://f003.backblazeb2.com/file/serikali-images/mps/2022/HON_AHMED_SHAKEEL_AHMED_SHABBIR.webp
"HON. AKUJAH, PROTUS EWESIT",UDA,LOIMA,TURKANA,Elected,male,https://f003.backblazeb2.com/file/serikali-images/mps/2022/HON_AKUJAH_PROTUS_EWESIT.webp
HON. ALFAH ONDIEKI MIRUKA,UDA,BOMACHOGE CHACHE,KISII,Elected,male,https://f003.backblazeb2.com/file/serikali-images/mps/2022/HON_ALFAH_ONDIEKI_MIRUKA.webp
HON. ALI ABDISIRAT KHALIF,UDA,,,Nominated,male,https://f003.backblazeb2.com/file/serikali-images/mps/2022/HON_ALI_ABDISIRAT_KHALIF.webp
HON. AMOLLO PAUL OTIENDE,ODM,RARIEDA,SIAYA,Elected,male,https://f003.backblazeb2.com/file/serikali-images/mps/2022/HON_AMOLLO_PAUL_OTIENDE.jpeg
HON. ARAMA SAMUEL,JP,NAKURU TOWN WEST,NAKURU,Elected,male,https://f003.backblazeb2.com/file/serikali-images/mps/2022/HON_ARAMA_SAMUEL.webp
HON. ARIKO JOHN NAMOIT,ODM,TURKANA SOUTH,TURKANA,Elected,male,https://f003.backblazeb2.com/file/serikali-images/mps/2022/HON_ARIKO_JOHN_NAMOIT.webp
HON. ATANDI SAMUEL ONUNGA,ODM,ALEGO USONGA,SIAYA,Elected,male,https://f003.backblazeb2.com/file/serikali-images/mps/2022/HON_ATANDI_SAMUEL_ONUNGA.webp
HON. BABU OWINO PAUL ONGILI,ODM,EMBAKASI EAST,NAIROBI,Elected,male,https://f003.backblazeb2.com/file/serikali-images/mps/2022/BABU_OWINO_PAUL.png
HON. BADY BADY TWALIB,ODM,JOMVU,MOMBASA,Elected,male,https://f003.backblazeb2.com/file/serikali-images/mps/2022/HON_BADY_BADY_TWALIB.webp
HON. BARASA PATRICK SIMIYU,DAP-K,CHERANGANY,TRANS NZOIA,Elected,male,https://f003.backblazeb2.com/file/serikali-images/mps/2022/HON_BARASA_PATRICK_SIMIYU.webp
HON. BARONGO NOLFASON OBADIAH,ODM,BOMACHOGE BORABU,KISII,Elected,male,https://f003.backblazeb2.com/file/serikali-images/mps/2022/HON_BARONGO_NOLFASON_OBADIAH.webp
HON. BARRE HUSSEIN ABDI,UDA,TARBAJ,WAJIR,Elected,male,https://f003.backblazeb2.com/file/serikali-images/mps/2022/HON_BARRE_HUSSEIN_ABDI.webp
HON. BARTOO PHYLIS JEPKEMOI,UDA,MOIBEN,UASIN GISHU,Elected,female,https://f003.backblazeb2.com/file/serikali-images/mps/2022/HON_BARTOO_PHYLIS_JEPKEMOI.webp
HON. BASIL ROBERT NGUI,WDM,YATTA,MACHAKOS,Elected,male,https://f003.backblazeb2.com/file/serikali-images/mps/2022/HON_BASIL_ROBERT_NGUI.webp
HON. BAYA OWEN YAA,UDA,KILIFI NORTH,KILIFI,Elected,male,https://f003.backblazeb2.com/file/serikali-images/mps/2022/HON_BAYA_OWEN_YAA.webp
HON. BEDZIMBA RASHID JUMA,ODM,KISAUNI,MOMBASA,Elected,male,https://f003.backblazeb2.com/file/serikali-images/mps/2022/HON_BEDZIMBA_RASHID_JUMA.webp
"HON. BIDU, MOHAMED TUBI",JP,ISIOLO SOUTH,ISIOLO,Elected,male,https://f003.backblazeb2.com/file/serikali-images/mps/2022/HON_BIDU_MOHAMED_TUBI.webp
HON. BIEGO PAUL KIBICHIY,UDA,CHESUMEI,NANDI,Elected,male,https://f003.backblazeb2.com/file/serikali-images/mps/2022/HON_BIEGO_PAUL_KIBICHIY.webp
"HON. BISAU, MAURICE KAKAI",DAP-K,KIMININI,TRANS-NZOIA,Elected,male,https://f003.backblazeb2.com/file/serikali-images/mps/2022/HON_BISAU_MAURICE_KAKAI.png
HON. BOWEN DAVID KANGOGO,UDA,MARAKWET EAST,ELGEYO-MARAKWET,Elected,male,https://f003.backblazeb2.com/file/serikali-images/mps/2022/HON_BOWEN_DAVID_KANGOGO.webp
HON. BUYU ROZAAH AKINYI,ODM,KISUMU WEST,KISUMU,Elected,female,https://f003.backblazeb2.com/file/serikali-images/mps/2022/HON_BUYU_ROZAAH_AKINYI.webp
HON. BWIRE JOHN OKANO,WDM,TAVETA,TAITA TAVETA,Elected,male,https://f003.backblazeb2.com/file/serikali-images/mps/2022/HON_BWIRE_JOHN_OKANO.webp
"HON. CHEBOR, PAUL KIBET",UDA,RONGAI,NAKURU,Elected,male,https://f003.backblazeb2.com/file/serikali-images/mps/2022/HON_CHEBOR_PAUL_KIBET.webp
HON. CHEGE JOHN KIRAGU,UDA,LIMURU,KIAMBU,Elected,male,https://f003.backblazeb2.com/file/serikali-images/mps/2022/HON_CHEGE_JOHN_KIRAGU.webp
HON. CHEGE NJUGUNA,UDA,KANDARA,MURANG'A,ELECTED,male,https://f003.backblazeb2.com/file/serikali-images/mps/2022/HON_CHEGE_NJUGUNA.webp
HON. CHEGE SABINA WANJIRU,JP,,,Nominated,female,https://f003.backblazeb2.com/file/serikali-images/mps/2022/HON_CHEGE_SABINA_WANJIRU.webp
"HON. CHEPKONGA, SAMUEL KIPRONO",UDA,AINABKOI,UASIN GISHU,Elected,male,https://f003.backblazeb2.com/file/serikali-images/mps/2022/HON_CHEPKONGA_SAMUEL_KIPRONO.webp
HON. CHEPKWONY CHARITY KATHAMBI,UDA,NJORO,NAKURU,Elected,female,https://f003.backblazeb2.com/file/serikali-images/mps/2022/HON_CHEPKWONY_CHARITY_KATHAMBI.webp
HON. CHEROROT JOSEPH KIMUTAI,UDA,KIPKELION EAST,KERICHO,Elected,male,https://f003.backblazeb2.com/file/serikali-images/mps/2022/HON_CHEROROT_JOSEPH_KIMUTAI.webp
HON. CHESEBE FRED KAPONDI,UDA,MT. ELGON,BUNGOMA,UDA,male,https://f003.backblazeb2.com/file/serikali-images/mps/2022/HON_CHESEBE_FRED_KAPONDI.webp
"HON. CHIFOROMODO, MANGALE MUNGA",UDM,LUNGA LUNGA,KWALE,Elected,male,https://f003.backblazeb2.com/file/serikali-images/mps/2022/HON_CHIFOROMODO_MANGALE_MUNGA.webp
HON. CHIKATI JOHN MURUMBA,FORD-K,TONGAREN,BUNGOMA,Elected,male,https://f003.backblazeb2.com/file/serikali-images/mps/2022/HON_CHIKATI_JOHN_MURUMBA.webp
"HON. CHUMEL, MOROTO SAMUEL",UDA,KAPENGURIA,WEST POKOT,Elected,male,https://f003.backblazeb2.com/file/serikali-images/mps/2022/HON_CHUMEL_MOROTO_SAMUEL.webp
HON. CPA RUTTO JULIUS KIPLETTING,UDA,KESSES,UASIN GISHU,Elected,male,https://f003.backblazeb2.com/file/serikali-images/mps/2022/HON_CPA_RUTTO_JULIUS_KIPLETTING.webp
"HON. DAWOOD, ABDUL RAHIM",IND,NORTH IMENTI,MERU,Elected,male,https://f003.backblazeb2.com/file/serikali-images/mps/2022/HON_DAWOOD_ABDUL_RAHIM.webp
HON. DENA JOSEPH HAMISI,ANC,,,Nominated,male,https://f003.backblazeb2.com/file/serikali-images/mps/2022/HON_DENA_JOSEPH_HAMISI.webp
HON. EKWOM NABUIN,ODM,TURKANA NORTH,TURKANA,Elected,male,https://f003.backblazeb2.com/file/serikali-images/mps/2022/HON_EKWOM_NABUIN.webp
HON. ELACHI BEATRICE KADEVERESIA,ODM,DAGORETTI NORTH,NAIROBI,Elected,female,https://f003.backblazeb2.com/file/serikali-images/mps/2022/HON_ELACHI_BEATRICE_KADEVERESIA.webp
HON. ERIC WAMUMBI,UDA,MATHIRA,NYERI,Elected,male,https://f003.backblazeb2.com/file/serikali-images/mps/2022/HON_ERIC_WAMUMBI.webp
HON. FARAH SALAH YAKUB,UDA,FAFI,GARISSA,Elected,male,https://f003.backblazeb2.com/file/serikali-images/mps/2022/HON_FARAH_SALAH_YAKUB.webp
HON. FARAH YUSSUF MOHAMED,ODM,WAJIR WEST,WAJIR,Elected,male,https://f003.backblazeb2.com/file/serikali-images/mps/2022/HON_FARAH_YUSSUF_MOHAMED.webp
HON. GACHAGUA GEORGE,UDA,NDARAGWA,NYANDARUA,Elected,male,https://f003.backblazeb2.com/file/serikali-images/mps/2022/HON_GACHAGUA_GEORGE.webp
HON. GACHOBE SAMUEL KINUTHIA,UDA,SUBUKIA,NAKURU,Elected,male,https://f003.backblazeb2.com/file/serikali-images/mps/2022/HON_GACHOBE_SAMUEL_KINUTHIA.webp
HON. GAKUYA JAMES MWANGI,UDA,EMBAKASI NORTH,NAIROBI,Elected,male,https://f003.backblazeb2.com/file/serikali-images/mps/2022/HON_GAKUYA_JAMES_MWANGI.webp
HON. GIDEON KIMAIYO,UDA,KEIYO SOUTH,ELGEYO-MARAKWET,Elected,male,https://f003.backblazeb2.com/file/serikali-images/mps/2022/HON_GIDEON_KIMAIYO.webp
"HON. GIKARIA, DAVID",UDA,NAKURU TOWN EAST,NAKURU,Elected,male,https://f003.backblazeb2.com/file/serikali-images/mps/2022/HON_GIKARIA_DAVID.webp
"HON. GIMOSE, CHARLES GUMINI",ANC,HAMISI,VIHIGA,Elected,male,https://f003.backblazeb2.com/file/serikali-images/mps/2022/HON_GIMOSE_CHARLES_GUMINI.webp
HON. GISAIRO CLIVE OMBANE,ODM,KITUTU MASABA,NYAMIRA,Elected,male,https://f003.backblazeb2.com/file/serikali-images/mps/2022/HON_GISAIRO_CLIVE_OMBANE.webp
"HON. GITARI, JOSEPH GACHOKI",UDA,KIRINYAGA CENTRAL,KIRINYAGA,Elected,male,https://f003.backblazeb2.com/file/serikali-images/mps/2022/HON_GITARI_JOSEPH_GACHOKI.webp
"HON. GITHINJI, ROBERT GICHIMU",UDA,GICHUGU,KIRINYAGA,Elected,male,https://f003.backblazeb2.com/file/serikali-images/mps/2022/HON_GITHINJI_ROBERT_GICHIMU.webp
"HON. GOGO, LILIAN ACHIENG",ODM,RANGWE,HOMA BAY,Elected,female,https://f003.backblazeb2.com/file/serikali-images/mps/2022/HON_GOGO_LILIAN_ACHIENG.webp
HON. GUYO ALI WARIO,ODM,GARSEN,TANA RIVER,Elected,male,https://f003.backblazeb2.com/file/serikali-images/mps/2022/HON_GUYO_ALI_WARIO.webp
HON. HAMISI KAKUTA MAIMAI,ODM,KAJIADO EAST,KAJIADO,Elected,male,https://f003.backblazeb2.com/file/serikali-images/mps/2022/HON_HAMISI_KAKUTA_MAIMAI.webp
HON. HARO ABDUL EBRAHIM,UDM,MANDERA SOUTH,MANDERA,Elected,male,https://f003.backblazeb2.com/file/serikali-images/mps/2022/HON_HARO_ABDUL_EBRAHIM.webp
HON. HASSAN KULOW MAALIM,UDM,BANISSA,MANDERA,Elected,male,https://f003.backblazeb2.com/file/serikali-images/mps/2022/HON_HASSAN_KULOW_MAALIM.webp
HON. HIRIBAE SAID BUYA,ODM,GALOLE,TANA RIVER,Elected,male,https://f003.backblazeb2.com/file/serikali-images/mps/2022/HON_HIRIBAE_SAID_BUYA.webp
HON. ICHUNG’WAH ANTONY KIMANI,UDA,KIKUYU,KIAMBU,Elected,male,https://f003.backblazeb2.com/file/serikali-images/mps/2022/HON_ICHUNGWAH_ANTONY_KIMANI.webp
HON. IKANA FREDRICK LUSULI,ANC,SHINYALU,KAKAMEGA,Elected,male,https://f003.backblazeb2.com/file/serikali-images/mps/2022/HON_IKANA_FREDRICK_LUSULI.webp
"HON. IKIARA, DOROTHY MUTHONI",UDA,,,Nominated,female,https://f003.backblazeb2.com/file/serikali-images/mps/2022/HON_IKIARA_DOROTHY_MUTHONI.webp
HON. ITHINJI SHADRACK MWITI,JP,SOUTH IMENTI,MERU,Elected,male,https://f003.backblazeb2.com/file/serikali-images/mps/2022/HON_ITHINJI_SHADRACK_MWITI.webp
HON. JALDESA GUYO WAQO,UPIA,MOYALE,MARSABIT,Elected,male,https://f003.backblazeb2.com/file/serikali-images/mps/2022/HON_JALDESA_GUYO_WAQO.webp
HON. JHANDA ZAHEER,UDA,NYARIBARI CHACHE,KISII,Elected,male,https://f003.backblazeb2.com/file/serikali-images/mps/2022/HON_JHANDA_ZAHEER.webp
HON. JOSEPH WAINAINA IRAYA,UDA,,,Nominated,male,https://f003.backblazeb2.com/file/serikali-images/mps/2022/JOSEPH_WANAINA_IRAYA.png
HON. JUNET SHEIKH NUH MOHAMED,ODM,SUNA EAST,MIGORI,Elected,male,https://f003.backblazeb2.com/file/serikali-images/mps/2022/HON_JUNET_SHEIKH_NUH_MOHAMED.webp
HON. KAGESI ERNEST OGESI KIVAI,ANC,VIHIGA,VIHIGA,Elected,male,https://f003.backblazeb2.com/file/serikali-images/mps/2022/HON_KAGESI_ERNEST_OGESI_KIVAI.webp
HON. KAGOMBE GABRIEL GATHUKA,UDA,GATUNDU SOUTH,KIAMBU,Elected,male,https://f003.backblazeb2.com/file/serikali-images/mps/2022/HON_KAGOMBE_GABRIEL_GATHUKA.webp
HON. KAGUCHIA JOHN PHILIP GICHOHI,UDA,MUKURWEINI,NYERI,Elected,male,https://f003.backblazeb2.com/file/serikali-images/mps/2022/HON_KAGUCHIA_JOHN_PHILIP_GICHOHI.webp
HON. KAHANGARA JOSEPH MBURU,UDA,LARI,KIAMBU,Elected,male,https://f003.backblazeb2.com/file/serikali-images/mps/2022/HON_KAHANGARA_JOSEPH_MBURU.webp
"HON. KAJWANG’, FRANCIS TOM JOSEPH",ODM,RUARAKA,NAIROBI,Elected,male,https://f003.backblazeb2.com/file/serikali-images/mps/2022/HON_KAJWANG_FRANCIS_TOM_JOSEPH.webp
HON. KALUMA GEORGE PETER OPONDO,ODM,HOMA BAY TOWN,HOMA BAY,Elected,male,https://f003.backblazeb2.com/file/serikali-images/mps/2022/HON_KALUMA_GEORGE_PETER_OPONDO.webp
HON. KAMKET KASSAIT WILLIAM,KANU,TIATY,BARINGO,Elected,male,https://f003.backblazeb2.com/file/serikali-images/mps/2022/HON_KAMKET_KASSAIT_WILLIAM.webp
"HON. KAMUREN, CHARLES",UDA,BARINGO SOUTH,BARINGO,Elected,male,https://f003.backblazeb2.com/file/serikali-images/mps/2022/HON_KAMUREN_CHARLES.webp
"HON. KANCHORY, ELIJAH MEMUSI",ODM,KAJIADO CENTRAL,KAJIADO,Elected,male,https://f003.backblazeb2.com/file/serikali-images/mps/2022/HON_KANCHORY_ELIJAH_MEMUSI.webp
"HON. KANDIE, JOSHUA CHEPYEGON",UDA,BARINGO CENTRAL,BARINGO,Elected,male,https://f003.backblazeb2.com/file/serikali-images/mps/2022/HON_KANDIE_JOSHUA_CHEPYEGON.webp
HON. KARANI STEPHEN WACHIRA,UDA,LAIKIPIA WEST,LAIKIPIA,Elected,male,https://f003.backblazeb2.com/file/serikali-images/mps/2022/HON_KARANI_STEPHEN_WACHIRA.webp
"HON. KARAURI, RONALD KAMWIKO",IND,KASARANI,NAIROBI,,male,https://f003.backblazeb2.com/file/serikali-images/mps/2022/HON_KARAURI_RONALD_KAMWIKO.webp
"HON. KAREMBA, ERIC MUCHANGI.N.",UDA,RUNYENJES,EMBU,Elected,male,https://f003.backblazeb2.com/file/serikali-images/mps/2022/HON_KAREMBA_ERIC_MUCHANGIN.webp
HON. KARIUKI GEORGE MACHARIA,UDA,NDIA,KIRINYAGA,Elected,male,https://f003.backblazeb2.com/file/serikali-images/mps/2022/HON_KARIUKI_GEORGE_MACHARIA.webp
HON. KATANA PAUL KAHINDI,ODM,KALOLENI,KILIFI,Elected,male,https://f003.backblazeb2.com/file/serikali-images/mps/2022/HON_KATANA_PAUL_KAHINDI.webp
HON. KAUNYA EDWARD OKU,ODM,TESO NORTH,BUSIA,Elected,male,https://f003.backblazeb2.com/file/serikali-images/mps/2022/HON_KAUNYA_EDWARD_OKU.webp
HON. KEMEI JUSTICE KIPSANG,UDA,SIGOWET/SOIN,KERICHO,Elected,male,https://f003.backblazeb2.com/file/serikali-images/mps/2022/HON_KEMEI_JUSTICE_KIPSANG.webp
"HON. KEYNAN, WEHLIYE ADAN",JP,ELDAS,WAJIR,Elected,male,https://f003.backblazeb2.com/file/serikali-images/mps/2022/HON_KEYNAN_WEHLIYE_ADAN.webp
HON. KHAMISI MBOKO MISHI JUMA,ODM,LIKONI,MOMBASA,Elected,female,https://f003.backblazeb2.com/file/serikali-images/mps/2022/HON_KHAMISI_MBOKO_MISHI_JUMA.webp
HON. KHODHE PHELIX ODIWUOR,ODM,LANGATA,NAIROBI,Elected,male,https://f003.backblazeb2.com/file/serikali-images/mps/2022/HON_KHODHE_PHELIX_ODIWUOR.webp
HON. KIAMBA SUZANNE NDUNGE,WDM,MAKUENI,MAKUENI,Elected,female,https://f003.backblazeb2.com/file/serikali-images/mps/2022/HON_KIAMBA_SUZANNE_NDUNGE.webp
"HON. KIARAHO, DAVID NJUGUNA",JP,OL KALOU,NYANDARUA,Elected,male,https://f003.backblazeb2.com/file/serikali-images/mps/2022/HON_KIARAHO_DAVID_NJUGUNA.webp
"HON. KIBAGENDI, ANTONEY",ODM,KITUTU CHACHE SOUTH,KISII,Elected,male,https://f003.backblazeb2.com/file/serikali-images/mps/2022/HON_KIBAGENDI_ANTONEY.webp
"HON. KIHARA, JAYNE N.W",UDA,NAIVASHA,NAKURU,,female,https://f003.backblazeb2.com/file/serikali-images/mps/2022/HON_KIHARA_JAYNE_NW.webp
HON. KIHUNGI PETER IRUNGU,UDA,KANGEMA,MURANGA,Elected,male,https://f003.backblazeb2.com/file/serikali-images/mps/2022/HON_KIHUNGI_PETER_IRUNGU.webp
"HON. KILEL, RICHARD CHERUIYOT",UDA,BOMET CENTRAL,BOMET,,male,https://f003.backblazeb2.com/file/serikali-images/mps/2022/HON_KILEL_RICHARD_CHERUIYOT.webp
"HON. KIMILU, JOSHUA KIVINDA",WDM,KAITI,MAKUENI,Elected,male,https://f003.backblazeb2.com/file/serikali-images/mps/2022/HON_KIMILU_JOSHUA_KIVINDA.webp
HON. KING'OLA PATRICK MAKAU,WDM,MAVOKO,MACHAKOS,Elected,male,https://f003.backblazeb2.com/file/serikali-images/mps/2022/HON_KINGOLA_PATRICK_MAKAU.webp
"HON. KINGARA, SIMON NGANGA",UDA,RUIRU,KIAMBU,Elected,male,https://f003.backblazeb2.com/file/serikali-images/mps/2022/HON_KINGOLA_PATRICK_MAKAU.webp
"HON. KIPKOROS, JOSEPH MAKILAP",UDA,BARINGO NORTH,BARINGO,Elected,male,https://f003.backblazeb2.com/file/serikali-images/mps/2022/HON_KIPKOROS_JOSEPH_MAKILAP.webp
HON. KIPLAGAT DAVID,UDA,SOY,UASIN GISHU,Elected,male,https://f003.backblazeb2.com/file/serikali-images/mps/2022/HON_KIPLAGAT_DAVID.webp
"HON. KIPYEGON, JOHANA NGENO",UDA,EMURUA DIKIRR,NAROK,Elected,male,https://f003.backblazeb2.com/file/serikali-images/mps/2022/HON_KIPYEGON_JOHANA_NGENO.webp
HON. KIRIMA MOSES NGUCHINE,UDA,CENTRAL IMENTI,MERU,Elected,male,https://f003.backblazeb2.com/file/serikali-images/mps/2022/HON_KIRIMA_MOSES_NGUCHINE.webp
HON. KIRWA ABRAHAM KIPSANG,UDA,MOSOP,NANDI,Elected,,https://f003.backblazeb2.com/file/serikali-images/mps/2022/KIRWA_ABRAHAM_KIPSANG.png
HON. KITANY MARIANNE,UDA,ALDAI,NANDI,Elected,female,https://f003.backblazeb2.com/file/serikali-images/mps/2022/HON_KITANY_MARIANNE.webp
HON. KITI RICHARD KEN CHONGA,ODM,KILIFI SOUTH,KILIFI,Elected,male,https://f003.backblazeb2.com/file/serikali-images/mps/2022/HON_KITI_RICHARD_KEN_CHONGA.webp
"HON. KITUR, BERNARD KIBOR",UDA,NANDI HILLS,NANDI,Elected,male,https://f003.backblazeb2.com/file/serikali-images/mps/2022/HON_KITUR_BERNARD_KIBOR.webp
"HON. KIUNJURI, MWANGI FESTUS",TSP,LAIKIPIA EAST,LAIKIPIA,Elected,male,https://f003.backblazeb2.com/file/serikali-images/mps/2022/HON_KIUNJURI_MWANGI_FESTUS.webp
HON. KOECH KIPNGETICH VICTOR,CCM,CHEPALUNGU,BOMET,Elected,male,https://f003.backblazeb2.com/file/serikali-images/mps/2022/HON_KOECH_KIPNGETICH_VICTOR.webp
"HON. KOECH, NELSON",UDA,BELGUT,KERICHO,Elected,male,https://f003.backblazeb2.com/file/serikali-images/mps/2022/HON_KOECH_NELSON.webp
HON. KOMBE HARRISON GARAMA,ODM,MAGARINI,KILIFI,Elected,male,https://f003.backblazeb2.com/file/serikali-images/mps/2022/HON_KOMBE_HARRISON_GARAMA.webp
HON. KOMINGOI KIBET KIRUI,UDA,BURETI,KERICHO,Elected,male,https://f003.backblazeb2.com/file/serikali-images/mps/2022/HON_KOMINGOI_KIBET_KIRUI.webp
HON. KORERE SARAH PAULATA,JP,LAIKIPIA NORTH,LAIKIPIA,Elected,female,https://f003.backblazeb2.com/file/serikali-images/mps/2022/HON_KORERE_SARAH_PAULATA.webp
HON. KORIR ADAMS KIPSANAI,UDA,KEIYO NORTH,ELGEYO-MARAKWET,Elected,male,https://f003.backblazeb2.com/file/serikali-images/mps/2022/HON_KORIR_ADAMS_KIPSANAI.webp
HON. KOSGEI HILARY KIPLANG’AT,UDA,KIPKELION WEST,KERICHO,Elected,male,https://f003.backblazeb2.com/file/serikali-images/mps/2022/HON_KOSGEI_HILARY_KIPLANGAT.webp
HON. KOYI JOHN WALUKE,JP,SIRISIA,BUNGOMA,Elected,male,https://f003.backblazeb2.com/file/serikali-images/mps/2022/HON_KOYI_JOHN_WALUKE.webp
HON. KUNO YAKUB ADOW,UPIA,BURA,TANA RIVER,Elected,male,https://f003.backblazeb2.com/file/serikali-images/mps/2022/HON_KUNO_YAKUB_ADOW.webp
HON. KURURIA ELIJAH NJORE NJOROGE,IND,GATUNDU NORTH,KIAMBU,Elected,male,https://f003.backblazeb2.com/file/serikali-images/mps/2022/HON_KURURIA_ELIJAH_NJORE_NJOROGE.webp
HON. LEKUTON JOSEPH,UDM,LAISAMIS,MARSABIT,Elected,male,https://f003.backblazeb2.com/file/serikali-images/mps/2022/HON_LEKUTON_JOSEPH.webp
"HON. LELMENGIT, JOSSES KIPTOO KOSGEY",UDA,EMGWEN,NANDI,Elected,male,https://f003.backblazeb2.com/file/serikali-images/mps/2022/HON_LELMENGIT_JOSSES_KIPTOO_KOSGEY.webp
HON. LEMANKEN ARAMAT,UDA,NAROK EAST,NAROK,Elected,male,https://f003.backblazeb2.com/file/serikali-images/mps/2022/HON_LEMANKEN_ARAMAT.webp
"HON. LENTOIJONI, JACKSON LEKUMONTARE",KANU,SAMBURU EAST,SAMBURU,Elected,male,https://f003.backblazeb2.com/file/serikali-images/mps/2022/HON_LENTOIJONI_JACKSON_LEKUMONTARE.webp
"HON. LESUUDA, NAISULA",KANU,SAMBURU WEST,SAMBURU,Elected,female,https://f003.backblazeb2.com/file/serikali-images/mps/2022/HON_LESUUDA_NAISULA.webp
"HON. LETIPILA, DOMINIC ELI",UDA,SAMBURU NORTH,SAMBURU,Elected,male,https://f003.backblazeb2.com/file/serikali-images/mps/2022/HON_LETIPILA_DOMINIC_ELI.webp
"HON. LOCHAKAPONG, PETER",UDA,SIGOR,WEST POKOT,Elected,male,https://f003.backblazeb2.com/file/serikali-images/mps/2022/HON_LOCHAKAPONG_PETER.webp
HON. LOMWA JOSEPH SAMAL,JP,ISIOLO NORTH,ISIOLO NORTH,Elected,male,https://f003.backblazeb2.com/file/serikali-images/mps/2022/HON_LOMWA_JOSEPH_SAMAL.webp
HON. LOTEE TITUS,KUP,KACHELIBA,WEST POKOT,Elected,male,https://f003.backblazeb2.com/file/serikali-images/mps/2022/HON_LOTEE_TITUS.webp
"HON. LUYAI, CALEB AMISI",ODM,SABOTI,TRANS-NZOIA,,male,https://f003.backblazeb2.com/file/serikali-images/mps/2022/HON_LUYAI_CALEB_AMISI.webp
"HON. MAALIM, FARAH",WDM,DADAAB,GARISSA,Elected,male,https://f003.backblazeb2.com/file/serikali-images/mps/2022/HON_MAALIM_FARAH.webp
HON. MACHELE MOHAMED SOUD,ODM,MVITA,MOMBASA,Elected,male,https://f003.backblazeb2.com/file/serikali-images/mps/2022/HON_MACHELE_MOHAMED_SOUD.webp
"HON. MAINA, BETTY NJERI",UDA,MURANG’A,MURANG’A,Elected,female,https://f003.backblazeb2.com/file/serikali-images/mps/2022/HON_MAINA_BETTY_NJERI.webp
HON. MAINGI MARY,UDA,MWEA,KIRINYAGA,Elected,female,https://f003.backblazeb2.com/file/serikali-images/mps/2022/HON_MAINGI_MARY.webp
HON. MAISORI MARWA KEMERO KITAYAMA,UDA,KURIA EAST,MIGORI,Elected,male,https://f003.backblazeb2.com/file/serikali-images/mps/2022/HON_MAISORI_MARWA_KEMERO_KITAYAMA.webp
"HON. MAJIMBO, KALASINGA",FORD-K,KABUCHAI,BUNGOMA,Elected,male,https://f003.backblazeb2.com/file/serikali-images/mps/2022/HON_MAJIMBO_KALASINGA.webp
HON. MAKALI JOHN OKWISIA,FORD-K,KANDUYI,BUNGOMA,Elected,male,https://f003.backblazeb2.com/file/serikali-images/mps/2022/HON_MAKALI_JOHN_OKWISIA.webp
"HON. MANDUKU, DANIEL OGWOKA",ODM,NYARIBARI MASABA,KISII,Elected,male,https://f003.backblazeb2.com/file/serikali-images/mps/2022/HON_MANDUKU_DANIEL_OGWOKA.webp
HON. MASARA PETER FRANCIS,ODM,SUNA WEST,MIGORI,Elected,male,https://f003.backblazeb2.com/file/serikali-images/mps/2022/HON_MASARA_PETER_FRANCIS.webp
HON. MATHENGE DUNCAN MAINA,UDA,NYERI TOWN,NYERI,Elected,male,https://f003.backblazeb2.com/file/serikali-images/mps/2022/HON_MATHENGE_DUNCAN_MAINA.webp
HON. MAWATHE JULIUS MUSILI,WDM,EMBAKASI SOUTH,NAIROBI,Elected,male,https://f003.backblazeb2.com/file/serikali-images/mps/2022/MAWETHE_JULIUS_MUSILI.png
HON. MAYAKA IRENE NYAKERARIO,ODM,,,Nominated,female,https://f003.backblazeb2.com/file/serikali-images/mps/2022/HON_MAYAKA_IRENE_NYAKERARIO.webp
"HON. MBAI, NIMROD MBITHUKA",UDA,KITUI EAST,KITUI,Elected,male,https://f003.backblazeb2.com/file/serikali-images/mps/2022/HON_MBAI_NIMROD_MBITHUKA.webp
HON. MBALU JESSICA NDUKU KIKO,WDM,KIBWEZI EAST,MAKUENI,Elected,female,https://f003.backblazeb2.com/file/serikali-images/mps/2022/HON_MBALU_JESSICA_NDUKU_KIKO.webp
"HON. MBONI, DAVID MWALIKA",WDM,KITUI RURAL,KITUI,,male,https://f003.backblazeb2.com/file/serikali-images/mps/2022/HON_MBONI_DAVID_MWALIKA.webp
"HON. MBUI, ROBERT",WDM,KATHIANI,MACHAKOS,,male,https://f003.backblazeb2.com/file/serikali-images/mps/2022/HON_MBUI_ROBERT.webp
"HON. MELI, JULIUS KIPBIRWOT",UDA,TINDERET,NANDI,Elected,male,https://f003.backblazeb2.com/file/serikali-images/mps/2022/HON_MELI_JULIUS_KIPBIRWOT.webp
HON. MNYAZI AMINA LAURA,ODM,MALINDI,KILIFI,Elected,female,https://f003.backblazeb2.com/file/serikali-images/mps/2022/HON_MNYAZI_AMINA_LAURA.webp
HON. MOGAKA STEPHEN,JP,WEST MUGIRANGO,NYAMIRA,Elected,male,https://f003.backblazeb2.com/file/serikali-images/mps/2022/HON_MOGAKA_STEPHEN.webp
HON. MOHAMED ABDIKADIR HUSSEIN,ODM,LAGDERA,GARISSA,Elected,male,https://f003.backblazeb2.com/file/serikali-images/mps/2022/HON_MOHAMED_ABDIKADIR_HUSSEIN.webp
HON. MOHAMED ADEN DAUDI,JP,WAJIR EAST,WAJIR,Elected,male,https://f003.backblazeb2.com/file/serikali-images/mps/2022/HON_MOHAMED_ADEN_DAUDI.webp
HON. MOHAMED MOHAMED ALI,UDA,NYALI,MOMBASA,Elected,male,https://f003.backblazeb2.com/file/serikali-images/mps/2022/HON_MOHAMED_MOHAMED_ALI.webp
HON. MOHAMED UMULKHER HARUN,ODM,,,Nominated,female,https://f003.backblazeb2.com/file/serikali-images/mps/2022/HON_MOHAMED_UMULKHER_HARUN.webp
HON. MREMBO IRENE NJOKI,JP,BAHATI,NAKURU,Elected,female,https://f003.backblazeb2.com/file/serikali-images/mps/2022/HON_MREMBO_IRENE_NJOKI.webp
"HON. MUCHIRA, MICHAEL MWANGI",UDA,OL JOROK,NYANDARUA,Elected,male,https://f003.backblazeb2.com/file/serikali-images/mps/2022/HON_MUCHIRA_MICHAEL_MWANGI.webp
HON. MUGABE INNOCENT MAINO,ODM,LIKUYANI,KAKAMEGA,Elected,male,https://f003.backblazeb2.com/file/serikali-images/mps/2022/HON_MUGABE_INNOCENT_MAINO.webp
HON. MUHIA WANJIKU,UDA,KIPIPIRI,NYANDARUA,Elected,female,https://f003.backblazeb2.com/file/serikali-images/mps/2022/HON_MUHIA_WANJIKU.webp
HON. MUKHWANA TITUS KHAMALA,ODM,LURAMBI,KAKAMEGA,Elected,male,https://f003.backblazeb2.com/file/serikali-images/mps/2022/HON_MUKHWANA_TITUS_KHAMALA.webp
HON. MUKUNJI JOHN GITONGA MWANIKI,UDA,MANYATTA,EMBU,Elected,male,https://f003.backblazeb2.com/file/serikali-images/mps/2022/HON_MUKUNJI_JOHN_GITONGA_MWANIKI.webp
HON. MULANYA EKESA GEOFFREY,IND.,NAMBALE,BUSIA,Elected,male,https://f003.backblazeb2.com/file/serikali-images/mps/2022/HON_MULANYA_EKESA_GEOFFREY.webp
HON. MULE CALEB MUTISO,MCCP,MACHAKOS TOWN,MACHAKOS,Elected,male,https://f003.backblazeb2.com/file/serikali-images/mps/2022/HON_MULE_CALEB_MUTISO.webp
HON. MULE STEPHEN MUTINDA,WDM,MATUNGULU,MACHAKOS,Elected,male,https://f003.backblazeb2.com/file/serikali-images/mps/2022/HON_MULE_STEPHEN_MUTINDA.webp
HON. MULI FABIAN KYULE,GDDP,KANGUNDO,MACHAKOS,Elected,male,https://f003.backblazeb2.com/file/serikali-images/mps/2022/HON_MULI_FABIAN_KYULE.webp
HON. MULU MAKALI,WDM,KITUI CENTRAL,KITUI,Elected,male,https://f003.backblazeb2.com/file/serikali-images/mps/2022/HON_MULU_MAKALI.webp
"HON. MULYUNGI, GIDEON MUTEMI",WDM,MWINGI CENTRAL,MWINGI,Elected,male,https://f003.backblazeb2.com/file/serikali-images/mps/2022/HON_MULYUNGI_GIDEON_MUTEMI.webp
HON. MUNYORO JOSEPH KAMAU,UDA,KIGUMO,MURANG'A,Elected,male,https://f003.backblazeb2.com/file/serikali-images/mps/2022/HON_MUNYORO_JOSEPH_KAMAU.webp
HON. MUPE ANTHONY KENGA,PAA,RABAI,KILIFI,Elected,male,https://f003.backblazeb2.com/file/serikali-images/mps/2022/HON_MUPE_ANTHONY_KENGA.webp
HON. MURIU WAKILI EDWARD,UDA,GATANGA,MURANG'A,Elected,male,https://f003.backblazeb2.com/file/serikali-images/mps/2022/HON_MURIU_WAKILI_EDWARD.webp
HON. MURIUKI NEBART BERNARD,IND,MBEERE SOUTH,EMBU,Elected,male,https://f003.backblazeb2.com/file/serikali-images/mps/2022/HON_MURIUKI_NEBART_BERNARD.webp
HON. MURUGARA GEORGE GITONGA,UDA,THARAKA,THARAKA-NITHI,Elected,male,https://f003.backblazeb2.com/file/serikali-images/mps/2022/HON_MURUGARA_GEORGE_GITONGA.webp
"HON. MUSAU, VINCENT MUSYOKA",UDA,MWALA,MACHAKOS,Elected,male,https://f003.backblazeb2.com/file/serikali-images/mps/2022/HON_MUSAU_VINCENT_MUSYOKA.webp
HON. MUTAI KIPRONOH ALFRED,UDA,KURESOI NORTH,NAKURU,Elected,male,https://f003.backblazeb2.com/file/serikali-images/mps/2022/HON_MUTAI_KIPRONOH_ALFRED.webp
HON. MUTHAMA STANLEY MUIRURI,JP,LAMU WEST,LAMU,Elected,male,https://f003.backblazeb2.com/file/serikali-images/mps/2022/HON_MUTHAMA_STANLEY_MUIRURI.webp
"HON. MUTUA, DIDMUS WEKESA BARASA",UDA,KIMILILI,BUNGOMA,Elected,male,https://f003.backblazeb2.com/file/serikali-images/mps/2022/HON_MUTUA_DIDMUS_WEKESA_BARASA.webp
HON. MUTUSE ECKOMAS MWENGI,MCCP,KIBWEZI WEST,MAKUENI,Elected,male,https://f003.backblazeb2.com/file/serikali-images/mps/2022/HON_MUTUSE_ECKOMAS_MWENGI.webp
HON. MWAFRIKA AUGUSTINE KAMANDE,UDA,ROYSAMBU,NAIROBI,Elected,male,https://f003.backblazeb2.com/file/serikali-images/mps/2022/HON_MWAFRIKA_AUGUSTINE_KAMANDE.webp
HON. MWAGO AMOS MAINA,JP,STAREHE,NAIROBI,Elected,male,https://f003.backblazeb2.com/file/serikali-images/mps/2022/HON_MWAGO_AMOS_MAINA.webp
HON. MWAKUWONA DANSON MWASHAKO,WDM,WUNDANYI,TAITA TAVETA,Elected,male,https://f003.backblazeb2.com/file/serikali-images/mps/2022/HON_MWAKUWONA_DANSON_MWASHAKO.webp
HON. MWALE NICHOLAS SCOTT TINDI,ODM,BUTERE,KAKAMEGA,Elected,male,https://f003.backblazeb2.com/file/serikali-images/mps/2022/HON_MWALE_NICHOLAS_SCOTT_TINDI.webp
"HON. MWALYO, JOSHUA MBITHI",IND,MASINGA,MACHAKOS,Elected,male,https://f003.backblazeb2.com/file/serikali-images/mps/2022/HON_MWALYO_JOSHUA_MBITHI.webp
HON. MWANGI GEOFFREY WANDETO,UDA,TETU,NYERI,Elected,male,https://f003.backblazeb2.com/file/serikali-images/mps/2022/HON_MWANGI_GEOFFREY_WANDETO.webp
HON. MWANGI TERESIA WANJIRU,UDA,,,Nominated,female,https://f003.backblazeb2.com/file/serikali-images/mps/2022/HON_MWANGI_TERESIA_WANJIRU.webp
HON. MWENJE MARK SAMUEL MURIITHI,JP,EMBAKASI WEST,NAIROBI,Elected,male,https://f003.backblazeb2.com/file/serikali-images/mps/2022/HON_MWENJE_MARK_SAMUEL_MURIITHI.webp
HON. MWIRIGI JOHN PAUL,UDA,IGEMBE SOUTH,MERU,Elected,male,https://f003.backblazeb2.com/file/serikali-images/mps/2022/HON_MWIRIGI_JOHN_PAUL.webp
HON. NABII NABWERA DARAJA,ODM,LUGARI,KAKAMEGA,Elected,male,https://f003.backblazeb2.com/file/serikali-images/mps/2022/HON_NABII_NABWERA_DARAJA.webp
"HON. NABULINDO, PETER OSCAR",ODM,MATUNGU,KAKAMEGA,Elected,male,https://f003.backblazeb2.com/file/serikali-images/mps/2022/HON_NABULINDO_PETER_OSCAR.webp
HON. NAICCA JOHNSON MANYA,ODM,MUMIAS WEST,KAKAMEGA,Elected,male,https://f003.backblazeb2.com/file/serikali-images/mps/2022/HON_NAICCA_JOHNSON_MANYA.webp
HON. NAMUAR JOSEPH EMATHE,UDA,TURKANA CENTRAL,TURKANA,Elected,male,https://f003.backblazeb2.com/file/serikali-images/mps/2022/HON_NAMUAR_JOSEPH_EMATHE.webp
"HON. NANOK, DANIEL EPUYO",UDA,TURKANA WEST,TURKANA,Elected,male,https://f003.backblazeb2.com/file/serikali-images/mps/2022/HON_NANOK_DANIEL_EPUYO.webp
"HON. NDUNG’U, GEORGE KOIMBURI",UDA,JUJA,KIAMBU,Elected,male,https://f003.backblazeb2.com/file/serikali-images/mps/2022/HON_NDUNGU_GEORGE_KOIMBURI.webp
HON. NGANGA ALICE WAMBUI,UDA,THIKA TOWN,KIAMBU,Elected,female,https://f003.backblazeb2.com/file/serikali-images/mps/2022/HON_NGANGA_ALICE_WAMBUI.webp
HON. NGIKOLONG NICHOLAS NGIKOR NIXON,JP,TURKANA EAST,TURKANA,Elected,male,https://f003.backblazeb2.com/file/serikali-images/mps/2022/HON_NGIKOLONG_NICHOLAS_NGIKOR_NIXON.webp
"HON. NGUNA, NGUSYA CHARLES",WDM,MWINGI WEST,KITUI,Elected,male,https://f003.backblazeb2.com/file/serikali-images/mps/2022/HON_NGUNA_NGUSYA_CHARLES.webp
HON. NGURO ONESMUS NGOGOYO,UDA,KAJIADO NORTH,KAJIADO,Elected,male,https://f003.backblazeb2.com/file/serikali-images/mps/2022/HON_NGURO_ONESMUS_NGOGOYO.webp
HON. NJOROGE MARY WAMAUA WAITHIRA,UDA,MARAGWA,MURANG'A,Elected,female,https://f003.backblazeb2.com/file/serikali-images/mps/2022/HON_NJOROGE_MARY_WAMAUA_WAITHIRA.webp
HON. NTUTU KITILAI OLE,IND,NAROK SOUTH,NAROK,Elected,male,https://f003.backblazeb2.com/file/serikali-images/mps/2022/HON_NTUTU_KITILAI_OLE.webp
HON. NTWIGA PATRICK MUNENE,UDA,CHUKA/IGAMBANG'OMBE,THARAKA-NITHI,Elected,male,https://f003.backblazeb2.com/file/serikali-images/mps/2022/HON_NTWIGA_PATRICK_MUNENE.webp
HON. NYAKUNDI JAPHETH MOKAYA,UDA,KITUTU CHACHE NORTH,KISII,Elected,male,https://f003.backblazeb2.com/file/serikali-images/mps/2022/HON_NYAKUNDI_JAPHETH_MOKAYA.webp
HON. NYAMAI RACHAEL KAKI,JP,KITUI SOUTH,KITUI,Elected,female,https://f003.backblazeb2.com/file/serikali-images/mps/2022/HON_NYAMAI_RACHAEL_KAKI.webp
HON. NYAMITA MARK OGOLLA,ODM,URIRI,MIGORI,Elected,male,https://f003.backblazeb2.com/file/serikali-images/mps/2022/HON_NYAMITA_MARK_OGOLLA.webp
"HON. NYAMOKO, JOASH NYAMACHE",UDA,NORTH MUGIRANGO,NYAMIRA,Elected,male,https://f003.backblazeb2.com/file/serikali-images/mps/2022/HON_NYAMOKO_JOASH_NYAMACHE.webp
HON. NYENZE EDITH VETHI,WDM,KITUI WEST,KITUI,Elected,female,https://f003.backblazeb2.com/file/serikali-images/mps/2022/HON_NYENZE_EDITH_VETHI.webp
HON. NYIKAL WAMBURA JAMES,ODM,SEME,KISUMU,Elected,male,https://f003.backblazeb2.com/file/serikali-images/mps/2022/HON_NYIKAL_WAMBURA_JAMES.webp
"HON. NYORO, SAMSON NDINDI",UDA,KIHARU,MURANG’A,Elected,male,https://f003.backblazeb2.com/file/serikali-images/mps/2022/HON_NYORO_SAMSON_NDINDI.webp
"HON. NZENGU, PAUL MUSYIMI",WDM,MWINGI NORTH,MWINGI,Elected,male,https://f003.backblazeb2.com/file/serikali-images/mps/2022/HON_NZENGU_PAUL_MUSYIMI.webp
HON. NZIOKA ERASTUS KIVASU,WDM,MBOONI,MAKUENI,Elected,male,https://f003.backblazeb2.com/file/serikali-images/mps/2022/HON_NZIOKA_ERASTUS_KIVASU.webp
HON. OBARA EVE AKINYI,ODM,KABONDO KASIPUL,HOMA BAY,Elected,female,https://f003.backblazeb2.com/file/serikali-images/mps/2022/HON_OBARA_EVE_AKINYI.webp
"HON. OBIRI, INNOCENT MOMANYI",WDM,BOBASI,KISII,Elected,male,https://f003.backblazeb2.com/file/serikali-images/mps/2022/HON_OBIRI_INNOCENT_MOMANYI.webp
HON. OBO RUWEIDA MOHAMED,JP,LAMU EAST,LAMU,,female,https://f003.backblazeb2.com/file/serikali-images/mps/2022/HON_OBO_RUWEIDA_MOHAMED.webp
HON. OCHIENG DAVID OUMA,MDG,UGENYA,SIAYA,Elected,male,https://f003.backblazeb2.com/file/serikali-images/mps/2022/HON_OCHIENG_DAVID_OUMA.jpeg
"HON. ODANGA, GEOFFREY MAKOKHA",ODM,MATAYOS,BUSIA,Elected,male,https://f003.backblazeb2.com/file/serikali-images/mps/2022/HON_ODANGA_GEOFFREY_MAKOKHA.webp
HON. ODEGE TOM MBOYA,ODM,NYATIKE,MIGORI,Elected,male,https://f003.backblazeb2.com/file/serikali-images/mps/2022/HON_ODEGE_TOM_MBOYA.webp
"HON. ODHIAMBO, ELISHA OCHIENG",ODM,GEM,SIAYA,,male,https://f003.backblazeb2.com/file/serikali-images/mps/2022/HON_ODHIAMBO_ELISHA_OCHIENG.webp
"HON. ODHIAMBO, MILLIE GRACE AKOTH",ODM,MBITA,HOMA BAY,Elected,female,https://f003.backblazeb2.com/file/serikali-images/mps/2022/HON_ODHIAMBO_MILLIE_GRACE_AKOTH.webp
HON. OGOLLA. GIDEON OCHANDA,ODM,BONDO,SIAYA,Elected,male,https://f003.backblazeb2.com/file/serikali-images/mps/2022/HON_OGOLLA_GIDEON_OCHANDA.webp
"HON. OKELO, JARED ODOYO",ODM,NYANDO,KISUMU,Elected,male,https://f003.backblazeb2.com/file/serikali-images/mps/2022/HON_OKELO_JARED_ODOYO.webp
HON. OKUOME ADIPO ANDREW,ODM,KARACHUONYO,HOMA BAY,Elected,male,https://f003.backblazeb2.com/file/serikali-images/mps/2022/HON_OKUOME_ADIPO_ANDREW.webp
"HON. OLUOCH, ANTHONY TOM",ODM,MATHARE,NAIROBI,Elected,male,https://f003.backblazeb2.com/file/serikali-images/mps/2022/HON_OLUOCH_ANTHONY_TOM.webp
HON. OMBOKO MILEMBA,ANC,EMUHAYA,VIHIGA,Elected,male,https://f003.backblazeb2.com/file/serikali-images/mps/2022/HON_OMBOKO_MILEMBA.webp
HON. OMONDI CAROLI,ODM,SUBA,HOMA BAY,Elected,male,https://f003.backblazeb2.com/file/serikali-images/mps/2022/HON_OMONDI_CAROLI.webp
HON. OMWERA GEORGE ALDWA,ODM,MAKADARA,NAIROBI,Elected,male,https://f003.backblazeb2.com/file/serikali-images/mps/2022/HON_OMWERA_GEORGE_ALDWA.webp
HON. ONCHOKE CHARLES MAMWACHA,UPA,BONCHARI,KISII,Elected,male,https://f003.backblazeb2.com/file/serikali-images/mps/2022/HON_ONCHOKE_CHARLES_MAMWACHA.webp
"HON. ONYIEGO, SILVANUS OSORO",UDA,SOUTH MUGIRANGO,KISII,Elected,male,https://f003.backblazeb2.com/file/serikali-images/mps/2022/HON_ONYIEGO_SILVANUS_OSORO.webp
"HON. ORERO, PETER OCHIENG",ODM,KIBRA,NAIROBI,Elected,male,https://f003.backblazeb2.com/file/serikali-images/mps/2022/HON_ORERO_PETER_OCHIENG.webp
HON. ORON JOSHUA ODONGO,ODM,KISUMU CENTRAL,KISUMU,Elected,male,https://f003.backblazeb2.com/file/serikali-images/mps/2022/HON_ORON_JOSHUA_ODONGO.webp
HON. OSERO PATRICK,ODM,BORABU,NYAMIRA COUNTY,Elected,male,https://f003.backblazeb2.com/file/serikali-images/mps/2022/HON_OSERO_PATRICK.webp
"HON. OTUCHO, MARY EMAASE",UDA,TESO SOUTH,BUSIA,Elected,female,https://f003.backblazeb2.com/file/serikali-images/mps/2022/HON_OTUCHO_MARY_EMAASE.webp
"HON. OUNDO, WILBERFORCE OJIAMBO",ODM,FUNYULA,BUSIA,Elected,male,https://f003.backblazeb2.com/file/serikali-images/mps/2022/HON_OUNDO_WILBERFORCE_OJIAMBO.webp
HON. OWINO JOHN WALTER,ODM,AWENDO,MIGORI,Elected,male,https://f003.backblazeb2.com/file/serikali-images/mps/2022/HON_OWINO_JOHN_WALTER.webp
"HON. OWINO, MARTIN PETERS",ODM,NDHIWA,HOMA BAY,Elected,male,https://f003.backblazeb2.com/file/serikali-images/mps/2022/HON_OWINO_MARTIN_PETERS.webp
"HON. OWUOR, JOSHUA ADUMA",ODM,NYAKACH,KISUMU,Elected,male,https://f003.backblazeb2.com/file/serikali-images/mps/2022/HON_OWUOR_JOSHUA_ADUMA.webp
"HON. OYOO, JAMES ONYANGO",ODM,MUHORONI,KISUMU,Elected,male,https://f003.backblazeb2.com/file/serikali-images/mps/2022/HON_OYOO_JAMES_ONYANGO.webp
"HON. OYUGI, DICK MAUNGU",DAP-K,LUANDA,VIHIGA,Elected,male,https://f003.backblazeb2.com/file/serikali-images/mps/2022/HON_OYUGI_DICK_MAUNGU.webp
"HON. OYULA, JOSEPH H. MAERO",ODM,BUTULA,BUNGOMA,Elected,male,https://f003.backblazeb2.com/file/serikali-images/mps/2022/HON_OYULA_JOSEPH_H_MAERO.webp
HON. PARASHINA SAMUEL SAKIMBA,ODM,KAJIADO SOUTH,KAJIADO,Elected,male,https://f003.backblazeb2.com/file/serikali-images/mps/2022/HON_PARASHINA_SAMUEL_SAKIMBA.webp
HON. PAREYIO MANTAINE AGNES,JP,NAROK NORTH,NAROK,Elected,female,https://f003.backblazeb2.com/file/serikali-images/mps/2022/HON_PAREYIO_MANTAINE_AGNES.webp
"HON. PKOSING, DAVID",KUP,POKOT SOUTH,POKOT,Elected,male,https://f003.backblazeb2.com/file/serikali-images/mps/2022/HON_PKOSING_DAVID.webp
HON. RAI SAMUEL GONZI,PAA,KINANGO,KWALE,Elected,male,https://f003.backblazeb2.com/file/serikali-images/mps/2022/HON_RAI_SAMUEL_GONZI.webp
"HON. RASSO, COL (RTD) DIDO ALI",UDA,SAKU,MARSABIT,Elected,male,https://f003.backblazeb2.com/file/serikali-images/mps/2022/HON_RASSO_COL_RTD_DIDO_ALI.webp
HON. REUBEN KIBOREK,UDA,MOGOTIO,BARINGO,,male,https://f003.backblazeb2.com/file/serikali-images/mps/2022/HON_REUBEN_KIBOREK.webp
"HON. ROBI, MATHIAS NYAMABE",UDA,KURIA WEST,MIGORI,Elected,male,https://f003.backblazeb2.com/file/serikali-images/mps/2022/HON_ROBI_MATHIAS_NYAMABE.webp
HON. SALASYA PETER KALERWA,DAP-K,MUMIAS EAST,KAKAMEGA,Elected,male,https://f003.backblazeb2.com/file/serikali-images/mps/2022/HON_SALASYA_PETER_KALERWA.webp
HON. SALIM FEISAL ABDALLAH BADER,UDA,MSAMBWENI,KWALE,,male,https://f003.backblazeb2.com/file/serikali-images/mps/2022/HON_SALIM_FEISAL_ABDALLAH_BADER.webp
HON. SANEY IBRAHIM ADBI,UDA,WAJIR NORTH,WAJIR,,male,https://f003.backblazeb2.com/file/serikali-images/mps/2022/HON_SANEY_IBRAHIM_ADBI.webp
HON. SHAKE MBOGHO PETER,JP,MWATATE,TAITA TAVETA,Elected,male,https://f003.backblazeb2.com/file/serikali-images/mps/2022/HON_SHAKE_MBOGHO_PETER.webp
HON. SHIMBWA OMAR MWINYI,ODM,CHANGAMWE,MOMBASA,Elected,male,https://f003.backblazeb2.com/file/serikali-images/mps/2022/HON_SHIMBWA_OMAR_MWINYI.webp
HON. SHINALI BERNARD MASAKA,ODM,IKOLOMANI,KAKAMEGA,Elected,male,https://f003.backblazeb2.com/file/serikali-images/mps/2022/HON_SHINALI_BERNARD_MASAKA.webp
HON. SHURIE ABDI OMAR,JP,BALAMBALA,GARISSA,Elected,male,https://f003.backblazeb2.com/file/serikali-images/mps/2022/HON_SHURIE_ABDI_OMAR.webp
"HON. SIGEI, FRANCIS KIPYEGON ARAP",UDA,SOTIK,BOMET,Elected,male,https://f003.backblazeb2.com/file/serikali-images/mps/2022/HON_SIGEI_FRANCIS_KIPYEGON_ARAP.webp
"HON. SIRMA, MUSA CHERUTICH",UDA,ELDAMA RAVINE,BARINGO,Elected,male,https://f003.backblazeb2.com/file/serikali-images/mps/2022/HON_SIRMA_MUSA_CHERUTICH.webp
HON. SITATI DANIEL WANYAMA,UDA,WEBUYE WEST,BUNGOMA,Elected,male,https://f003.backblazeb2.com/file/serikali-images/mps/2022/HON_SITATI_DANIEL_WANYAMA.webp
"HON. SITIENEI, JANET JEPKEMBOI",UDA,TURBO,UASIN GISHU,Elected,female,https://f003.backblazeb2.com/file/serikali-images/mps/2022/HON_SITIENEI_JANET_JEPKEMBOI.webp
HON. SLOYA CLEMENT LOGOVA,UDA,SABATIA,VIHIGA,Elected,male,https://f003.backblazeb2.com/file/serikali-images/mps/2022/HON_SLOYA_CLEMENT_LOGOVA.webp
HON. SUDI OSCAR KIPCHUMBA,UDA,KAPSERET,UASIN GISHU,Elected,male,https://f003.backblazeb2.com/file/serikali-images/mps/2022/HON_SUDI_OSCAR_KIPCHUMBA.webp
HON. SULEKA HULBALE HARUN,UDM,,,Nominated,female,https://f003.backblazeb2.com/file/serikali-images/mps/2022/HON_SULEKA_HULBALE_HARUN.webp
"HON. SUNKUIYA, GEORGE RISA",UDA,KAJIADO WEST,KAJIADO,Elected,male,https://f003.backblazeb2.com/file/serikali-images/mps/2022/HON_SUNKUIYA_GEORGE_RISA.webp
"HON. SUNKULI, JULIUS LEKAKENY",KANU,KILGORIS,NAROK,Elected,male,https://f003.backblazeb2.com/file/serikali-images/mps/2022/HON_SUNKULI_JULIUS_LEKAKENY.webp
HON. TAITAMU JULIUS MÁNAIBA,UDA,IGEMBE NORTH,MERU,Elected,male,https://f003.backblazeb2.com/file/serikali-images/mps/2022/HON_TAITAMU_JULIUS_M%C3%81NAIBA.webp
HON. TANDAZA KASSIM SAWA,ANC,MATUGA,KWALE,Elected,male,https://f003.backblazeb2.com/file/serikali-images/mps/2022/HON_TANDAZA_KASSIM_SAWA.webp
HON. THUKU ZACHARY KWENYA,JP,KINANGOP,NYANDARUA,Elected,male,https://f003.backblazeb2.com/file/serikali-images/mps/2022/HON_THUKU_ZACHARY_KWENYA.webp
"HON. TONGOYO, GABRIEL KOSHAL",UDA,NAROK WEST,NAROK,Elected,male,https://f003.backblazeb2.com/file/serikali-images/mps/2022/HON_TONGOYO_GABRIEL_KOSHAL.webp
HON. TONUI JOSEPH KIPKOSGEI,UDA,KURESOI SOUTH,NAKURU,Elected,male,https://f003.backblazeb2.com/file/serikali-images/mps/2022/HON_TONUI_JOSEPH_KIPKOSGEI.webp
HON. TOROITICH TIMOTHY KIPCHUMBA,IND,MARAKWET WEST,ELGEYO MARAKWET,Elected,male,https://f003.backblazeb2.com/file/serikali-images/mps/2022/HON_TOROITICH_TIMOTHY_KIPCHUMBA.webp
HON. TUNGULE CHARO KENNETH KAZUNGU,PAA,GANZE,KILIFI,Elected,male,https://f003.backblazeb2.com/file/serikali-images/mps/2022/HON_TUNGULE_CHARO_KENNETH_KAZUNGU.webp
HON. WAINAINA ANTHONY NJOROGE,UDA,KIENI,NYERI,Elected,male,https://f003.backblazeb2.com/file/serikali-images/mps/2022/HON_WAINAINA_ANTHONY_NJOROGE.webp
"HON. WAINAINA, MICHAEL WAMBUGU",UDA,OTHAYA,NYERI,Elected,male,https://f003.backblazeb2.com/file/serikali-images/mps/2022/HON_WAINAINA_MICHAEL_WAMBUGU.webp
HON. WAITHAKA JOHN MACHUA,UDA,KIAMBU,KIAMBU,Elected,male,https://f003.backblazeb2.com/file/serikali-images/mps/2022/HON_WAITHAKA_JOHN_MACHUA.webp
HON. WAMACUKURU JAMES GITHUA KAMAU,UDA,KABETE,KIAMBU,Elected,female,https://f003.backblazeb2.com/file/serikali-images/mps/2022/HON_WAMACUKURU_JAMES_GITHUA_KAMAU.webp
HON. WAMBOKA WANAMI JACK NELSON,DAP-K,BUMULA,BUNGOMA,Elected,male,https://f003.backblazeb2.com/file/serikali-images/mps/2022/HON_WAMBOKA_WANAMI_JACK_NELSON.webp
"HON. WAMUCHOMBA, GATHONI",UDA,GITHUNGURI,KIAMBU,Elected,female,https://f003.backblazeb2.com/file/serikali-images/mps/2022/HON_WAMUCHOMBA_GATHONI.webp
HON. WANGAYA CHRISTOPHER ASEKA,ODM,KHWISERO,KAKAMEGA,Elected,male,https://f003.backblazeb2.com/file/serikali-images/mps/2022/HON_WANGAYA_CHRISTOPHER_ASEKA.webp
"HON. WANGWE, EMMANUEL",ODM,NAVAKHOLO,KAKAMEGA,Elected,male,https://f003.backblazeb2.com/file/serikali-images/mps/2022/HON_WANGWE_EMMANUEL.webp
HON. WANJALA RAPHAEL BITTA SAUTI,ODM,BUDALANGI,BUSIA,Elected,male,https://f003.backblazeb2.com/file/serikali-images/mps/2022/HON_WANJALA_RAPHAEL_BITTA_SAUTI.webp
HON. WANJIKU JOHN NJUGUNA,UDA,KIAMBAA,KIAMBU,Elected,male,https://f003.backblazeb2.com/file/serikali-images/mps/2022/HON_WANJIKU_JOHN_NJUGUNA.webp
"HON. WANJIRA, MARTHA WANGARI",UDA,GILGIL,NAKURU,Elected,female,https://f003.backblazeb2.com/file/serikali-images/mps/2022/HON_WANJIRA_MARTHA_WANGARI.webp
HON. WANYONYI KEVIN FERDINAND,FORD-K,KWANZA,TRANS NZOIA,Elected,male,https://f003.backblazeb2.com/file/serikali-images/mps/2022/HON_WANYONYI_KEVIN_FERDINAND.webp
HON. WANYONYI MARTIN PEPELA,FORD-K,WEBUYE EAST,BUNGOMA,Elected,male,https://f003.backblazeb2.com/file/serikali-images/mps/2022/HON_WANYONYI_MARTIN_PEPELA.webp
"HON. WAWERU, JOHN KIARIE",UDA,DAGORETTI SOUTH,NAIROBI,Elected,male,https://f003.backblazeb2.com/file/serikali-images/mps/2022/HON_WAWERU_JOHN_KIARIE.webp
HON. WETANGULA TIMOTHY WANYONYI,ODM,WESTLANDS,NAIROBI,Elected,male,https://f003.backblazeb2.com/file/serikali-images/mps/2022/HON_WETANGULA_TIMOTHY_WANYONYI.webp
HON. YEGON BRIGHTON LEONARD,UDA,KONOIN,BOMET,,male,https://f003.backblazeb2.com/file/serikali-images/mps/2022/HON_YEGON_BRIGHTON_LEONARD.webp
"HON. YEGON, RICHARD KIPKEMOI",UDA,BOMET EAST,BOMET,Elected,male,https://f003.backblazeb2.com/file/serikali-images/mps/2022/HON_YEGON_RICHARD_KIPKEMOI.webp
"HON. YUSSUF, ADAN HAJI",UDM,MANDERA WEST,MANDERA,Elected,male,https://f003.backblazeb2.com/file/serikali-images/mps/2022/HON_YUSSUF_ADAN_HAJI.webp
HON. (CPA) KIMANI FRANCIS KURIA,UDA,MOLO,NAKURU,Elected,male,https://f003.backblazeb2.com/file/serikali-images/mps/2022/HONCPA_KIMANI_FRANCIS_KURIA.webp
HON. KARITHO KIILI DANIEL,JP,IGEMBE CENTRAL,MERU,Elected,male,https://f003.backblazeb2.com/file/serikali-images/mps/2022/HONKARITHO_KIILI_DANIEL.webp
HON. MBIUKI JAPHET MIRITI KAREKE,UDA,MAARA,THARAKA-NITHI,Elected,male,https://f003.backblazeb2.com/file/serikali-images/mps/2022/HONMBIUKI_JAPHET_MIRITI_KAREKE.webp
VACANT,,GARISSA TOWNSHIP,GARISSA,,,images/mps/VACANT.png
VACANT,,KANDARA,MURANGA,,,images/mps/VACANT_1.png
