name,party,constituency,county,status,gender,image_local_path,start_date,end_date
MEJJADONK BENJAMIN GATHIRU,UDA,EMBAKASI CENTRAL,NAIROBI,Elected,male,https://f003.backblazeb2.com/file/serikali-images/mps/2022/HON_MEJJADONK_BENJAMIN_GATHIRU.webp,2022,
BENJAMIN KIPKIRUI LANGAT,UDA,AINAMOI,KERICHO,Elected,male,https://f003.backblazeb2.com/file/serikali-images/mps/2022/HON_AMB_LANGAT_BENJAMIN_KIPKIRUI.webp,2022,
EDWIN MUGO GICHUKI,UDA,MATHIOYA,MURANG'A,Elected,male,https://f003.backblazeb2.com/file/serikali-images/mps/2022/HON_DR_GICHUKI_EDWIN_MUGO.webp,2022,
JOHN KANYUITHIA MUTUNGA,UDA,TIGANIA WEST,MERU,Elected,male,https://f003.backblazeb2.com/file/serikali-images/mps/2022/HON_DR_MUTUNGA_JOHN_KANYUITHIA.webp,2022,
DR. ROBERT PUKOSE,UDA,ENDEBESS,TRANS-NZOIA,Elected,male,https://f003.backblazeb2.com/file/serikali-images/mps/2022/HON_DR_PUKOSE_ROBERT.webp,2022,
THUDDEUS KITHUA NZAMBIA,WDM,KILOME,MAKUENI,Elected,male,https://f003.backblazeb2.com/file/serikali-images/mps/2022/HON_ENG_NZAMBIA_KITHUA_THUDDEUS.webp,2022,
ABDI ALI ABDI,NAP-K,IJARA,GARISSA,Elected,male,https://f003.backblazeb2.com/file/serikali-images/mps/2022/HON_ABDI_ALI_ABDI.webp,2022,
KHAMIS CHOME ABDI,WDM,VOI,TAITA TAVETA,Elected,male,https://f003.backblazeb2.com/file/serikali-images/mps/2022/HON_ABDI_KHAMIS_CHOME.webp,2022,
ABDI YUSUF HASSAN,JP,KAMUKUNJI,NAIROBI,Elected,male,https://f003.backblazeb2.com/file/serikali-images/mps/2022/HON_ABDI_YUSUF_HASSAN.webp,2022,
MOHAMED ABDI ABDIRAHMAN,JP,LAFEY,MANDERA,Elected,male,https://f003.backblazeb2.com/file/serikali-images/mps/2022/HON_ABDIRAHMAN_MOHAMED_ABDI.webp,2022,
HUSSEINWEYTAN MOHAMED ABDIRAHMAN,ODM,MANDERA EAST,MANDERA,Elected,male,https://f003.backblazeb2.com/file/serikali-images/mps/2022/HON_ABDIRAHMAN_HUSSEINWEYTAN_MOHAMED.webp,2022,
BASHIR SHEIKH ABDULLAHI,UDM,MANDERA NORTH,MANDERA,Elected,male,https://f003.backblazeb2.com/file/serikali-images/mps/2022/HON_ABDULLAIH_BASHIR_SHEIKH.webp,2022,
ABUOR PAUL,ODM,RONGO,MIGORI,Elected,male,https://f003.backblazeb2.com/file/serikali-images/mps/2022/HON_ABUOR_PAUL.webp,2022,
LAWRENCE MPURU ABURI,NOPEU,TIGANIA EAST,MERU,Elected,male,https://f003.backblazeb2.com/file/serikali-images/mps/2022/HON_ABURI_LAWRENCE_MPURU.webp,2022,
ADHE WARIO GUYO,KANU,NORTH HORR,MARSABIT,Elected,male,https://f003.backblazeb2.com/file/serikali-images/mps/2022/HON_ADHE_WARIO_GUYO.webp,2022,
MOHAMED ADEN ADOW,ODM,WAJIR SOUTH,WAJIR,Elected,male,https://f003.backblazeb2.com/file/serikali-images/mps/2022/HON_ADOW_ADEN_MOHAMMED.webp,2022,
SHAKEEL AHMED SHABBIR AHMED,IND,KISUMU EAST,KISUMU,Elected,male,https://f003.backblazeb2.com/file/serikali-images/mps/2022/HON_AHMED_SHAKEEL_AHMED_SHABBIR.webp,2022,
PROTUS EWESIT AKUJA,UDA,LOIMA,TURKANA,Elected,male,https://f003.backblazeb2.com/file/serikali-images/mps/2022/HON_AKUJAH_PROTUS_EWESIT.webp,2022,
MIRUKA ONDIEKI ALFAH,UDA,BOMACHOGE CHACHE,KISII,Elected,male,https://f003.backblazeb2.com/file/serikali-images/mps/2022/HON_ALFAH_ONDIEKI_MIRUKA.webp,2022,
PAUL OTIENDE AMOLLO,ODM,RARIEDA,SIAYA,Elected,male,https://f003.backblazeb2.com/file/serikali-images/mps/2022/HON_AMOLLO_PAUL_OTIENDE.jpeg,2022,
SAMWEL ARAMA,JP,NAKURU TOWN WEST,NAKURU,Elected,male,https://f003.backblazeb2.com/file/serikali-images/mps/2022/HON_ARAMA_SAMUEL.webp,2022,
JOHN ARIKO NAMOIT,ODM,TURKANA SOUTH,TURKANA,Elected,male,https://f003.backblazeb2.com/file/serikali-images/mps/2022/HON_ARIKO_JOHN_NAMOIT.webp,2022,
SAMUEL ONUNGA ATANDI,ODM,ALEGO USONGA,SIAYA,Elected,male,https://f003.backblazeb2.com/file/serikali-images/mps/2022/HON_ATANDI_SAMUEL_ONUNGA.webp,2022,
BABU OWINO PAUL ONGILI,ODM,EMBAKASI EAST,NAIROBI,Elected,male,https://f003.backblazeb2.com/file/serikali-images/mps/2022/BABU_OWINO_PAUL.png,2022,
BADY TWALIB BADY,ODM,JOMVU,MOMBASA,Elected,male,https://f003.backblazeb2.com/file/serikali-images/mps/2022/HON_BADY_BADY_TWALIB.webp,2022,
PATRICK SIMIYU BARASA,DAP-K,CHERANGANY,TRANS-NZOIA,Elected,male,https://f003.backblazeb2.com/file/serikali-images/mps/2022/HON_BARASA_PATRICK_SIMIYU.webp,2022,
NOLFASON OBADIAH BARONGO,ODM,BOMACHOGE BORABU,KISII,Elected,male,https://f003.backblazeb2.com/file/serikali-images/mps/2022/HON_BARONGO_NOLFASON_OBADIAH.webp,2022,
HUSSEIN ABDI BARRE,UDA,TARBAJ,WAJIR,Elected,male,https://f003.backblazeb2.com/file/serikali-images/mps/2022/HON_BARRE_HUSSEIN_ABDI.webp,2022,
PHYLIS JEPKEMOI BARTOO,UDA,MOIBEN,UASIN GISHU,Elected,female,https://f003.backblazeb2.com/file/serikali-images/mps/2022/HON_BARTOO_PHYLIS_JEPKEMOI.webp,2022,
ROBERT NGUI BASIL,WDM,YATTA,MACHAKOS,Elected,male,https://f003.backblazeb2.com/file/serikali-images/mps/2022/HON_BASIL_ROBERT_NGUI.webp,2022,
OWEN YAA BAYA,UDA,KILIFI NORTH,KILIFI,Elected,male,https://f003.backblazeb2.com/file/serikali-images/mps/2022/HON_BAYA_OWEN_YAA.webp,2022,
RASHID JUMA BEDZIMBA,ODM,KISAUNI,MOMBASA,Elected,male,https://f003.backblazeb2.com/file/serikali-images/mps/2022/HON_BEDZIMBA_RASHID_JUMA.webp,2022,
BIDU MOHAMED TUBI,JP,ISIOLO SOUTH,ISIOLO,Elected,male,https://f003.backblazeb2.com/file/serikali-images/mps/2022/HON_BIDU_MOHAMED_TUBI.webp,2022,
PAUL KIBICHY BIEGO,UDA,CHESUMEI,NANDI,Elected,male,https://f003.backblazeb2.com/file/serikali-images/mps/2022/HON_BIEGO_PAUL_KIBICHIY.webp,2022,
MAURICE KAKAI BISAU,DAP-K,KIMININI,TRANS-NZOIA,Elected,male,https://f003.backblazeb2.com/file/serikali-images/mps/2022/HON_BISAU_MAURICE_KAKAI.png,2022,
DAVID KANGOGO BOWEN,UDA,MARAKWET EAST,ELGEYO-MARAKWET,Elected,male,https://f003.backblazeb2.com/file/serikali-images/mps/2022/HON_BOWEN_DAVID_KANGOGO.webp,2022,
ROZAAH AKINYI BUYU,ODM,KISUMU WEST,KISUMU,Elected,female,https://f003.backblazeb2.com/file/serikali-images/mps/2022/HON_BUYU_ROZAAH_AKINYI.webp,2022,
JOHN OKANO BWIRE,WDM,TAVETA,TAITA TAVETA,Elected,male,https://f003.backblazeb2.com/file/serikali-images/mps/2022/HON_BWIRE_JOHN_OKANO.webp,2022,
PAUL KIBET CHEBOR,UDA,RONGAI,NAKURU,Elected,male,https://f003.backblazeb2.com/file/serikali-images/mps/2022/HON_CHEBOR_PAUL_KIBET.webp,2022,
JOHN KIRAGU CHEGE,UDA,LIMURU,KIAMBU,Elected,male,https://f003.backblazeb2.com/file/serikali-images/mps/2022/HON_CHEGE_JOHN_KIRAGU.webp,2022,
CHEGE NJUGUNA,UDA,KANDARA,MURANG'A,Elected,male,https://f003.backblazeb2.com/file/serikali-images/mps/2022/HON_CHEGE_NJUGUNA.webp,2022,
KIPRONO SAMWEL CHEPKONGA,UDA,AINABKOI,UASIN GISHU,Elected,male,https://f003.backblazeb2.com/file/serikali-images/mps/2022/HON_CHEPKONGA_SAMUEL_KIPRONO.webp,2022,
CHARITY KATHAMBI CHEPKWONY,UDA,NJORO,NAKURU,Elected,female,https://f003.backblazeb2.com/file/serikali-images/mps/2022/HON_CHEPKWONY_CHARITY_KATHAMBI.webp,2022,
JOSEPH KIMUTAI CHEROROT,UDA,KIPKELION EAST,KERICHO,Elected,male,https://f003.backblazeb2.com/file/serikali-images/mps/2022/HON_CHEROROT_JOSEPH_KIMUTAI.webp,2022,
FRED KAPONDI CHESEBE,UDA,MT. ELGON,BUNGOMA,Elected,male,https://f003.backblazeb2.com/file/serikali-images/mps/2022/HON_CHESEBE_FRED_KAPONDI.webp,2022,
MANGALE MUNGA CHIFOROMODO,UDM,LUNGA LUNGA,KWALE,Elected,male,https://f003.backblazeb2.com/file/serikali-images/mps/2022/HON_CHIFOROMODO_MANGALE_MUNGA.webp,2022,
JOHN CHIKATI MURUMBA,FORD-K,TONGAREN,BUNGOMA,Elected,male,https://f003.backblazeb2.com/file/serikali-images/mps/2022/HON_CHIKATI_JOHN_MURUMBA.webp,2022,
SAMWEL MOROTO CHUMEL,UDA,KAPENGURIA,WEST POKOT,Elected,male,https://f003.backblazeb2.com/file/serikali-images/mps/2022/HON_CHUMEL_MOROTO_SAMUEL.webp,2022,
JULIUS KIPLETTING RUTTO,UDA,KESSES,UASIN GISHU,Elected,male,https://f003.backblazeb2.com/file/serikali-images/mps/2022/HON_CPA_RUTTO_JULIUS_KIPLETTING.webp,2022,
RAHIM DAWOOD ABDUL,IND,NORTH IMENTI,MERU,Elected,male,https://f003.backblazeb2.com/file/serikali-images/mps/2022/HON_DAWOOD_ABDUL_RAHIM.webp,2022,
PAUL EKWOM NABUIN,ODM,TURKANA NORTH,TURKANA,Elected,male,https://f003.backblazeb2.com/file/serikali-images/mps/2022/HON_EKWOM_NABUIN.webp,2022,
BEATRICE KADEVERESIA ELACHI,ODM,DAGORETTI NORTH,NAIROBI,Elected,female,https://f003.backblazeb2.com/file/serikali-images/mps/2022/HON_ELACHI_BEATRICE_KADEVERESIA.webp,2022,
ERIC WAMUMBI,UDA,MATHIRA,NYERI,Elected,male,https://f003.backblazeb2.com/file/serikali-images/mps/2022/HON_ERIC_WAMUMBI.webp,2022,
FARAH SALAH YAKUB,UDA,FAFI,GARISSA,Elected,male,https://f003.backblazeb2.com/file/serikali-images/mps/2022/HON_FARAH_SALAH_YAKUB.webp,2022,
YUSSUF MOHAMED FARAH,ODM,WAJIR WEST,WAJIR,Elected,male,https://f003.backblazeb2.com/file/serikali-images/mps/2022/HON_FARAH_YUSSUF_MOHAMED.webp,2022,
GEORGE N GACHAGUA,UDA,NDARAGWA,NYANDARUA,Elected,male,https://f003.backblazeb2.com/file/serikali-images/mps/2022/HON_GACHAGUA_GEORGE.webp,2022,
SAMUEL KINUTHIA GACHOBE,UDA,SUBUKIA,NAKURU,Elected,male,https://f003.backblazeb2.com/file/serikali-images/mps/2022/HON_GACHOBE_SAMUEL_KINUTHIA.webp,2022,
JAMES MWANGI GAKUYA,UDA,EMBAKASI NORTH,NAIROBI,Elected,male,https://f003.backblazeb2.com/file/serikali-images/mps/2022/HON_GAKUYA_JAMES_MWANGI.webp,2022,
GIDEON KIMAIYO KIPKOECH,UDA,KEIYO SOUTH,ELGEYO-MARAKWET,Elected,male,https://f003.backblazeb2.com/file/serikali-images/mps/2022/HON_GIDEON_KIMAIYO.webp,2022,
DAVID GIKARIA,UDA,NAKURU TOWN EAST,NAKURU,Elected,male,https://f003.backblazeb2.com/file/serikali-images/mps/2022/HON_GIKARIA_DAVID.webp,2022,
CHARLES GUMINI GIMOSE,ANC,HAMISI,VIHIGA,Elected,male,https://f003.backblazeb2.com/file/serikali-images/mps/2022/HON_GIMOSE_CHARLES_GUMINI.webp,2022,
CLIVE OMBANE GISAIRO,ODM,KITUTU MASABA,NYAMIRA,Elected,male,https://f003.backblazeb2.com/file/serikali-images/mps/2022/HON_GISAIRO_CLIVE_OMBANE.webp,2022,
JOSEPH GACHOKI GITARI,UDA,KIRINYAGA CENTRAL,KIRINYAGA,Elected,male,https://f003.backblazeb2.com/file/serikali-images/mps/2022/HON_GITARI_JOSEPH_GACHOKI.webp,2022,
ROBERT GICHIMU GITHINJI,UDA,GICHUGU,KIRINYAGA,Elected,male,https://f003.backblazeb2.com/file/serikali-images/mps/2022/HON_GITHINJI_ROBERT_GICHIMU.webp,2022,
LILIAN ACHIENG GOGO,ODM,RANGWE,HOMA BAY,Elected,female,https://f003.backblazeb2.com/file/serikali-images/mps/2022/HON_GOGO_LILIAN_ACHIENG.webp,2022,
ALI WARIO GUYO,ODM,GARSEN,TANA RIVER,Elected,male,https://f003.backblazeb2.com/file/serikali-images/mps/2022/HON_GUYO_ALI_WARIO.webp,2022,
KAKUTA MAIMAI HAMISI,ODM,KAJIADO EAST,KAJIADO,Elected,male,https://f003.backblazeb2.com/file/serikali-images/mps/2022/HON_HAMISI_KAKUTA_MAIMAI.webp,2022,
ABDUL EBRAHIM HARO,UDM,MANDERA SOUTH,MANDERA,Elected,male,https://f003.backblazeb2.com/file/serikali-images/mps/2022/HON_HARO_ABDUL_EBRAHIM.webp,2022,
KULOW MAALIM HASSAN,UDM,BANISSA,MANDERA,Elected,male,https://f003.backblazeb2.com/file/serikali-images/mps/2022/HON_HASSAN_KULOW_MAALIM.webp,2022,
SAID BUYA HIRIBAE,ODM,GALOLE,TANA RIVER,Elected,male,https://f003.backblazeb2.com/file/serikali-images/mps/2022/HON_HIRIBAE_SAID_BUYA.webp,2022,
ANTONY KIMANI ICHUNG'WAH,UDA,KIKUYU,KIAMBU,Elected,male,https://f003.backblazeb2.com/file/serikali-images/mps/2022/HON_ICHUNGWAH_ANTONY_KIMANI.webp,2022,
FREDRICK LUSULI IKANA,ANC,SHINYALU,KAKAMEGA,Elected,male,https://f003.backblazeb2.com/file/serikali-images/mps/2022/HON_IKANA_FREDRICK_LUSULI.webp,2022,
DR. SHADRACK MWITI ITHINJI,JP,SOUTH IMENTI,MERU,Elected,male,https://f003.backblazeb2.com/file/serikali-images/mps/2022/HON_ITHINJI_SHADRACK_MWITI.webp,2022,
GUYO WAQO JALDESA,UPIA,MOYALE,MARSABIT,Elected,male,https://f003.backblazeb2.com/file/serikali-images/mps/2022/HON_JALDESA_GUYO_WAQO.webp,2022,
ZAHEER JHANDA,UDA,NYARIBARI CHACHE,KISII,Elected,male,https://f003.backblazeb2.com/file/serikali-images/mps/2022/HON_JHANDA_ZAHEER.webp,2022,
JUNET SHEIKH NUH MOHAMED,ODM,SUNA EAST,MIGORI,Elected,male,https://f003.backblazeb2.com/file/serikali-images/mps/2022/HON_JUNET_SHEIKH_NUH_MOHAMED.webp,2022,
KIVAI ERNEST OGESI KAGESI,ANC,VIHIGA,VIHIGA,Elected,male,https://f003.backblazeb2.com/file/serikali-images/mps/2022/HON_KAGESI_ERNEST_OGESI_KIVAI.webp,2022,
GABRIEL GATHUKA KAGOMBE,UDA,GATUNDU SOUTH,KIAMBU,Elected,male,https://f003.backblazeb2.com/file/serikali-images/mps/2022/HON_KAGOMBE_GABRIEL_GATHUKA.webp,2022,
KAGUCHIA JOHN PHILIP GICHOHI,UDA,MUKURWEINI,NYERI,Elected,male,https://f003.backblazeb2.com/file/serikali-images/mps/2022/HON_KAGUCHIA_JOHN_PHILIP_GICHOHI.webp,2022,
JOSEPH MBURU KAHANGARA,UDA,LARI,KIAMBU,Elected,male,https://f003.backblazeb2.com/file/serikali-images/mps/2022/HON_KAHANGARA_JOSEPH_MBURU.webp,2022,
KAJWANG' TOM JOSEPH FRANCIS,ODM,RUARAKA,NAIROBI,Elected,male,https://f003.backblazeb2.com/file/serikali-images/mps/2022/HON_KAJWANG_FRANCIS_TOM_JOSEPH.webp,2022,
GEORGE PETER OPONDO KALUMA,ODM,HOMA BAY TOWN,HOMA BAY,Elected,male,https://f003.backblazeb2.com/file/serikali-images/mps/2022/HON_KALUMA_GEORGE_PETER_OPONDO.webp,2022,
WILLIAM KAMKET KASSAIT,KANU,TIATY,BARINGO,Elected,male,https://f003.backblazeb2.com/file/serikali-images/mps/2022/HON_KAMKET_KASSAIT_WILLIAM.webp,2022,
CHARLES KAMUREN,UDA,BARINGO SOUTH,BARINGO,Elected,male,https://f003.backblazeb2.com/file/serikali-images/mps/2022/HON_KAMUREN_CHARLES.webp,2022,
ELIJAH MEMUSI KANCHORY,ODM,KAJIADO CENTRAL,KAJIADO,Elected,male,https://f003.backblazeb2.com/file/serikali-images/mps/2022/HON_KANCHORY_ELIJAH_MEMUSI.webp,2022,
JOSHUA CHEPYEGON KANDIE,UDA,BARINGO CENTRAL,BARINGO,Elected,male,https://f003.backblazeb2.com/file/serikali-images/mps/2022/HON_KANDIE_JOSHUA_CHEPYEGON.webp,2022,
STEPHEN WACHIRA KARANI,UDA,LAIKIPIA WEST,LAIKIPIA,Elected,male,https://f003.backblazeb2.com/file/serikali-images/mps/2022/HON_KARANI_STEPHEN_WACHIRA.webp,2022,
RONALD KAMWIKO KARAURI,IND,KASARANI,NAIROBI,Elected,male,https://f003.backblazeb2.com/file/serikali-images/mps/2022/HON_KARAURI_RONALD_KAMWIKO.webp,2022,
ERIC MUCHANGI NJIRU KAREMBA,UDA,RUNYENJES,EMBU,Elected,male,https://f003.backblazeb2.com/file/serikali-images/mps/2022/HON_KAREMBA_ERIC_MUCHANGIN.webp,2022,
GEORGE MACHARIA KARIUKI G K,UDA,NDIA,KIRINYAGA,Elected,male,https://f003.backblazeb2.com/file/serikali-images/mps/2022/HON_KARIUKI_GEORGE_MACHARIA.webp,2022,
PAUL KAHINDI KATANA,ODM,KALOLENI,KILIFI,Elected,male,https://f003.backblazeb2.com/file/serikali-images/mps/2022/HON_KATANA_PAUL_KAHINDI.webp,2022,
EDWARD KAUNYA OKU,ODM,TESO NORTH,BUSIA,Elected,male,https://f003.backblazeb2.com/file/serikali-images/mps/2022/HON_KAUNYA_EDWARD_OKU.webp,2022,
JUSTICE KIPSANG KEMEI,UDA,SIGOWET/SOIN,KERICHO,Elected,male,https://f003.backblazeb2.com/file/serikali-images/mps/2022/HON_KEMEI_JUSTICE_KIPSANG.webp,2022,
ADAN KEYNAN WEHLIYE,JP,ELDAS,WAJIR,Elected,male,https://f003.backblazeb2.com/file/serikali-images/mps/2022/HON_KEYNAN_WEHLIYE_ADAN.webp,2022,
MISHI JUMA KHAMISI MBOKO,ODM,LIKONI,MOMBASA,Elected,female,https://f003.backblazeb2.com/file/serikali-images/mps/2022/HON_KHAMISI_MBOKO_MISHI_JUMA.webp,2022,
PHELIX ODIWUOR KHODHE,ODM,LANGATA,NAIROBI,Elected,male,https://f003.backblazeb2.com/file/serikali-images/mps/2022/HON_KHODHE_PHELIX_ODIWUOR.webp,2022,
SUZANNE NDUNGE KIAMBA,WDM,MAKUENI,MAKUENI,Elected,female,https://f003.backblazeb2.com/file/serikali-images/mps/2022/HON_KIAMBA_SUZANNE_NDUNGE.webp,2022,
DAVID NJUGUNA KIARAHO,JP,OL KALOU,NYANDARUA,Elected,male,https://f003.backblazeb2.com/file/serikali-images/mps/2022/HON_KIARAHO_DAVID_NJUGUNA.webp,2022,
ANTONEY KIBAGENDI,ODM,KITUTU CHACHE SOUTH,KISII,Elected,male,https://f003.backblazeb2.com/file/serikali-images/mps/2022/HON_KIBAGENDI_ANTONEY.webp,2022,
JAYNE WANJIRU NJERI KIHARA,UDA,NAIVASHA,NAKURU,Elected,female,https://f003.backblazeb2.com/file/serikali-images/mps/2022/HON_KIHARA_JAYNE_NW.webp,2022,
PETER IRUNGU KIHUNGI,UDA,KANGEMA,MURANG'A,Elected,male,https://f003.backblazeb2.com/file/serikali-images/mps/2022/HON_KIHUNGI_PETER_IRUNGU.webp,2022,
RICHARD CHERUIYOT KILEL,UDA,BOMET CENTRAL,BOMET,Elected,male,https://f003.backblazeb2.com/file/serikali-images/mps/2022/HON_KILEL_RICHARD_CHERUIYOT.webp,2022,
JOSHUA KIVINDA KIMILU,WDM,KAITI,MAKUENI,Elected,male,https://f003.backblazeb2.com/file/serikali-images/mps/2022/HON_KIMILU_JOSHUA_KIVINDA.webp,2022,
PATRICK MAKAU KING'OLA,WDM,MAVOKO,MACHAKOS,Elected,male,https://f003.backblazeb2.com/file/serikali-images/mps/2022/HON_KINGOLA_PATRICK_MAKAU.webp,2022,
SIMON NG'ANG'A KINGARA,UDA,RUIRU,KIAMBU,Elected,male,https://f003.backblazeb2.com/file/serikali-images/mps/2022/HON_KINGOLA_PATRICK_MAKAU.webp,2022,
JOSEPH MAKILAP KIPKOROS,UDA,BARINGO NORTH,BARINGO,Elected,male,https://f003.backblazeb2.com/file/serikali-images/mps/2022/HON_KIPKOROS_JOSEPH_MAKILAP.webp,2022,
DAVID KIPLAGAT,UDA,SOY,UASIN GISHU,Elected,male,https://f003.backblazeb2.com/file/serikali-images/mps/2022/HON_KIPLAGAT_DAVID.webp,2022,
JOHANA NG'ENO KIPYEGON,UDA,EMURUA DIKIRR,NAROK,Elected,male,https://f003.backblazeb2.com/file/serikali-images/mps/2022/HON_KIPYEGON_JOHANA_NGENO.webp,2022,
MOSES NGUCHINE KIRIMA,UDA,CENTRAL IMENTI,MERU,Elected,male,https://f003.backblazeb2.com/file/serikali-images/mps/2022/HON_KIRIMA_MOSES_NGUCHINE.webp,2022,
ABRAHAM KIPSANG KIRWA,UDA,MOSOP,NANDI,Elected,male,https://f003.backblazeb2.com/file/serikali-images/mps/2022/KIRWA_ABRAHAM_KIPSANG.png,2022,
MARIANNE JEBET KITANY,UDA,ALDAI,NANDI,Elected,female,https://f003.backblazeb2.com/file/serikali-images/mps/2022/HON_KITANY_MARIANNE.webp,2022,
RICHARD KEN CHONGA KITI,ODM,KILIFI SOUTH,KILIFI,Elected,male,https://f003.backblazeb2.com/file/serikali-images/mps/2022/HON_KITI_RICHARD_KEN_CHONGA.webp,2022,
BERNARD KIBOR KITUR,UDA,NANDI HILLS,NANDI,Elected,male,https://f003.backblazeb2.com/file/serikali-images/mps/2022/HON_KITUR_BERNARD_KIBOR.webp,2022,
FESTUS MWANGI KIUNJURI,TSP,LAIKIPIA EAST,LAIKIPIA,Elected,male,https://f003.backblazeb2.com/file/serikali-images/mps/2022/HON_KIUNJURI_MWANGI_FESTUS.webp,2022,
VICTOR KIPNGETICH KOECH,CCM,CHEPALUNGU,BOMET,Elected,male,https://f003.backblazeb2.com/file/serikali-images/mps/2022/HON_KOECH_KIPNGETICH_VICTOR.webp,2022,
NELSON KOECH,UDA,BELGUT,KERICHO,Elected,male,https://f003.backblazeb2.com/file/serikali-images/mps/2022/HON_KOECH_NELSON.webp,2022,
HARRISON GARAMA KOMBE,ODM,MAGARINI,KILIFI,Elected,male,https://f003.backblazeb2.com/file/serikali-images/mps/2022/HON_KOMBE_HARRISON_GARAMA.webp,2022,
KIBET KIRUI KOMINGOI,UDA,BURETI,KERICHO,Elected,male,https://f003.backblazeb2.com/file/serikali-images/mps/2022/HON_KOMINGOI_KIBET_KIRUI.webp,2022,
SARAH PAULATA KORERE,JP,LAIKIPIA NORTH,LAIKIPIA,Elected,female,https://f003.backblazeb2.com/file/serikali-images/mps/2022/HON_KORERE_SARAH_PAULATA.webp,2022,
ADAMS KIPSANAI KORIR,UDA,KEIYO NORTH,ELGEYO-MARAKWET,Elected,male,https://f003.backblazeb2.com/file/serikali-images/mps/2022/HON_KORIR_ADAMS_KIPSANAI.webp,2022,
HILARY KIPLANG'AT KOSGEI,UDA,KIPKELION WEST,KERICHO,Elected,male,https://f003.backblazeb2.com/file/serikali-images/mps/2022/HON_KOSGEI_HILARY_KIPLANGAT.webp,2022,
JOHN WALUKE KOYI,JP,SIRISIA,BUNGOMA,Elected,male,https://f003.backblazeb2.com/file/serikali-images/mps/2022/HON_KOYI_JOHN_WALUKE.webp,2022,
YAKUB DUBOW KUNO,UPIA,BURA,TANA RIVER,Elected,male,https://f003.backblazeb2.com/file/serikali-images/mps/2022/HON_KUNO_YAKUB_ADOW.webp,2022,
ELIJAH NJORE NJOROGE KURURIA,IND,GATUNDU NORTH,KIAMBU,Elected,male,https://f003.backblazeb2.com/file/serikali-images/mps/2022/HON_KURURIA_ELIJAH_NJORE_NJOROGE.webp,2022,
JOSEPH LEKUTON,UDM,LAISAMIS,MARSABIT,Elected,male,https://f003.backblazeb2.com/file/serikali-images/mps/2022/HON_LEKUTON_JOSEPH.webp,2022,
JOSSES KIPTOO KOSGEY LELMENGIT,UDA,EMGWEN,NANDI,Elected,male,https://f003.backblazeb2.com/file/serikali-images/mps/2022/HON_LELMENGIT_JOSSES_KIPTOO_KOSGEY.webp,2022,
LEMANKEN ARAMAT,UDA,NAROK EAST,NAROK,Elected,male,https://f003.backblazeb2.com/file/serikali-images/mps/2022/HON_LEMANKEN_ARAMAT.webp,2022,
JACKSON LEKUMONTARE LENTOIJONI,KANU,SAMBURU EAST,SAMBURU,Elected,male,https://f003.backblazeb2.com/file/serikali-images/mps/2022/HON_LENTOIJONI_JACKSON_LEKUMONTARE.webp,2022,
JOSEPHINE NAISULA LESUUDA,KANU,SAMBURU WEST,SAMBURU,Elected,female,https://f003.backblazeb2.com/file/serikali-images/mps/2022/HON_LESUUDA_NAISULA.webp,2022,
DOMINIC ELI LETIPILA,UDA,SAMBURU NORTH,SAMBURU,Elected,male,https://f003.backblazeb2.com/file/serikali-images/mps/2022/HON_LETIPILA_DOMINIC_ELI.webp,2022,
PETER LOCHAKAPONG,UDA,SIGOR,WEST POKOT,Elected,male,https://f003.backblazeb2.com/file/serikali-images/mps/2022/HON_LOCHAKAPONG_PETER.webp,2022,
JOSEPH SAMAL LOMWA,JP,ISIOLO NORTH,ISIOLO,Elected,male,https://f003.backblazeb2.com/file/serikali-images/mps/2022/HON_LOMWA_JOSEPH_SAMAL.webp,2022,
TITUS LOTEE,KUP,KACHELIBA,WEST POKOT,Elected,male,https://f003.backblazeb2.com/file/serikali-images/mps/2022/HON_LOTEE_TITUS.webp,2022,
CALEB AMISI LUYAI,ODM,SABOTI,TRANS-NZOIA,Elected,male,https://f003.backblazeb2.com/file/serikali-images/mps/2022/HON_LUYAI_CALEB_AMISI.webp,2022,
FARAH MAALIM,WDM,DADAAB,GARISSA,Elected,male,https://f003.backblazeb2.com/file/serikali-images/mps/2022/HON_MAALIM_FARAH.webp,2022,
MOHAMED SOUD MACHELE,ODM,MVITA,MOMBASA,Elected,male,https://f003.backblazeb2.com/file/serikali-images/mps/2022/HON_MACHELE_MOHAMED_SOUD.webp,2022,
MARY MAINGI,UDA,MWEA,KIRINYAGA,Elected,female,https://f003.backblazeb2.com/file/serikali-images/mps/2022/HON_MAINGI_MARY.webp,2022,
MAISORI MARWA KITAYAMA KEMERO,UDA,KURIA EAST,MIGORI,Elected,male,https://f003.backblazeb2.com/file/serikali-images/mps/2022/HON_MAISORI_MARWA_KEMERO_KITAYAMA.webp,2022,
JOSEPH SIMIYU WEKESA MAJIMBO KALASINGA,FORD-K,KABUCHAI,BUNGOMA,Elected,male,https://f003.backblazeb2.com/file/serikali-images/mps/2022/HON_MAJIMBO_KALASINGA.webp,2022,
JOHN OKWISIA MAKALI,FORD-K,KANDUYI,BUNGOMA,Elected,male,https://f003.backblazeb2.com/file/serikali-images/mps/2022/HON_MAKALI_JOHN_OKWISIA.webp,2022,
DANIEL OGWOKA MANDUKU,ODM,NYARIBARI MASABA,KISII,Elected,male,https://f003.backblazeb2.com/file/serikali-images/mps/2022/HON_MANDUKU_DANIEL_OGWOKA.webp,2022,
PETER FRANCIS MASARA,ODM,SUNA WEST,MIGORI,Elected,male,https://f003.backblazeb2.com/file/serikali-images/mps/2022/HON_MASARA_PETER_FRANCIS.webp,2022,
DUNCAN MAINA MATHENGE,UDA,NYERI TOWN,NYERI,Elected,male,https://f003.backblazeb2.com/file/serikali-images/mps/2022/HON_MATHENGE_DUNCAN_MAINA.webp,2022,
JULIUS MUSILI MAWATHE,WDM,EMBAKASI SOUTH,NAIROBI,Elected,male,https://f003.backblazeb2.com/file/serikali-images/mps/2022/MAWETHE_JULIUS_MUSILI.png,2022,
NIMROD MBITHUKA MBAI,UDA,KITUI EAST,KITUI,Elected,male,https://f003.backblazeb2.com/file/serikali-images/mps/2022/HON_MBAI_NIMROD_MBITHUKA.webp,2022,
JESSICA NDUKU KIKO MBALU,WDM,KIBWEZI EAST,MAKUENI,Elected,female,https://f003.backblazeb2.com/file/serikali-images/mps/2022/HON_MBALU_JESSICA_NDUKU_KIKO.webp,2022,
DAVID MWALIKA MBONI,WDM,KITUI RURAL,KITUI,Elected,male,https://f003.backblazeb2.com/file/serikali-images/mps/2022/HON_MBONI_DAVID_MWALIKA.webp,2022,
ROBERT MBUI,WDM,KATHIANI,MACHAKOS,Elected,male,https://f003.backblazeb2.com/file/serikali-images/mps/2022/HON_MBUI_ROBERT.webp,2022,
JULIUS MELI KIPBIWOT,UDA,TINDERET,NANDI,Elected,male,https://f003.backblazeb2.com/file/serikali-images/mps/2022/HON_MELI_JULIUS_KIPBIRWOT.webp,2022,
AMINA LAURA MNYAZI,ODM,MALINDI,KILIFI,Elected,female,https://f003.backblazeb2.com/file/serikali-images/mps/2022/HON_MNYAZI_AMINA_LAURA.webp,2022,
STEPHEN M MOGAKA,JP,WEST MUGIRANGO,NYAMIRA,Elected,male,https://f003.backblazeb2.com/file/serikali-images/mps/2022/HON_MOGAKA_STEPHEN.webp,2022,
ABDIKADIR HUSSEIN MOHAMED,ODM,LAGDERA,GARISSA,Elected,male,https://f003.backblazeb2.com/file/serikali-images/mps/2022/HON_MOHAMED_ABDIKADIR_HUSSEIN.webp,2022,
ADEN DAUDI MOHAMED,JP,WAJIR EAST,WAJIR,Elected,male,https://f003.backblazeb2.com/file/serikali-images/mps/2022/HON_MOHAMED_ADEN_DAUDI.webp,2022,
MOHAMED ALI MOHAMED,UDA,NYALI,MOMBASA,Elected,male,https://f003.backblazeb2.com/file/serikali-images/mps/2022/HON_MOHAMED_MOHAMED_ALI.webp,2022,
IRENE NJOKI MREMBO,JP,BAHATI,NAKURU,Elected,female,https://f003.backblazeb2.com/file/serikali-images/mps/2022/HON_MREMBO_IRENE_NJOKI.webp,2022,
MICHAEL MWANGI MUCHIRA,UDA,OL JOROK,NYANDARUA,Elected,male,https://f003.backblazeb2.com/file/serikali-images/mps/2022/HON_MUCHIRA_MICHAEL_MWANGI.webp,2022,
INNOCENT MAINO MUGABE,ODM,LIKUYANI,KAKAMEGA,Elected,male,https://f003.backblazeb2.com/file/serikali-images/mps/2022/HON_MUGABE_INNOCENT_MAINO.webp,2022,
WANJIKU MUHIA,UDA,KIPIPIRI,NYANDARUA,Elected,female,https://f003.backblazeb2.com/file/serikali-images/mps/2022/HON_MUHIA_WANJIKU.webp,2022,
TITUS KHAMALA MUKHWANA,ODM,LURAMBI,KAKAMEGA,Elected,male,https://f003.backblazeb2.com/file/serikali-images/mps/2022/HON_MUKHWANA_TITUS_KHAMALA.webp,2022,
JOHN GITONGA MWANIKI MUKUNJI,UDA,MANYATTA,EMBU,Elected,male,https://f003.backblazeb2.com/file/serikali-images/mps/2022/HON_MUKUNJI_JOHN_GITONGA_MWANIKI.webp,2022,
GEOFFREY EKESA MULANYA,IND,NAMBALE,BUSIA,Elected,male,https://f003.backblazeb2.com/file/serikali-images/mps/2022/HON_MULANYA_EKESA_GEOFFREY.webp,2022,
CALEB MUTISO MULE,MCCP,MACHAKOS TOWN,MACHAKOS,Elected,male,https://f003.backblazeb2.com/file/serikali-images/mps/2022/HON_MULE_CALEB_MUTISO.webp,2022,
STEPHEN MUTINDA MULE,WDM,MATUNGULU,MACHAKOS,Elected,male,https://f003.backblazeb2.com/file/serikali-images/mps/2022/HON_MULE_STEPHEN_MUTINDA.webp,2022,
FABIAN KYULE MULI,GDDP,KANGUNDO,MACHAKOS,Elected,male,https://f003.backblazeb2.com/file/serikali-images/mps/2022/HON_MULI_FABIAN_KYULE.webp,2022,
MAKALI BENSON MULU,WDM,KITUI CENTRAL,KITUI,Elected,male,https://f003.backblazeb2.com/file/serikali-images/mps/2022/HON_MULU_MAKALI.webp,2022,
GIDEON MUTEMI MULYUNGI,WDM,MWINGI CENTRAL,KITUI,Elected,male,https://f003.backblazeb2.com/file/serikali-images/mps/2022/HON_MULYUNGI_GIDEON_MUTEMI.webp,2022,
JOSEPH KAMAU MUNYORO,UDA,KIGUMO,MURANG'A,Elected,male,https://f003.backblazeb2.com/file/serikali-images/mps/2022/HON_MUNYORO_JOSEPH_KAMAU.webp,2022,
ANTHONY KENGA MUPE,PAA,RABAI,KILIFI,Elected,male,https://f003.backblazeb2.com/file/serikali-images/mps/2022/HON_MUPE_ANTHONY_KENGA.webp,2022,
WAKILI EDWARD MURIU,UDA,GATANGA,MURANG'A,Elected,male,https://f003.backblazeb2.com/file/serikali-images/mps/2022/HON_MURIU_WAKILI_EDWARD.webp,2022,
BERNARD MURIUKI NEBART,IND,MBEERE SOUTH,EMBU,Elected,male,https://f003.backblazeb2.com/file/serikali-images/mps/2022/HON_MURIUKI_NEBART_BERNARD.webp,2022,
GEORGE GITONGA MURUGARA,UDA,THARAKA,THARAKA-NITHI,Elected,male,https://f003.backblazeb2.com/file/serikali-images/mps/2022/HON_MURUGARA_GEORGE_GITONGA.webp,2022,
VINCENT MUSYOKA MUSAU,UDA,MWALA,MACHAKOS,Elected,male,https://f003.backblazeb2.com/file/serikali-images/mps/2022/HON_MUSAU_VINCENT_MUSYOKA.webp,2022,
MUTAI ALFRED KIPRONO,UDA,KURESOI NORTH,NAKURU,Elected,male,https://f003.backblazeb2.com/file/serikali-images/mps/2022/HON_MUTAI_KIPRONOH_ALFRED.webp,2022,
MUTHAMA STANLEY MUIRURI,JP,LAMU WEST,LAMU,Elected,male,https://f003.backblazeb2.com/file/serikali-images/mps/2022/HON_MUTHAMA_STANLEY_MUIRURI.webp,2022,
DIDMUS WEKESA BARASA MUTUA,UDA,KIMILILI,BUNGOMA,Elected,male,https://f003.backblazeb2.com/file/serikali-images/mps/2022/HON_MUTUA_DIDMUS_WEKESA_BARASA.webp,2022,
ECKOMAS MWENGI MUTUSE,MCCP,KIBWEZI WEST,MAKUENI,Elected,male,https://f003.backblazeb2.com/file/serikali-images/mps/2022/HON_MUTUSE_ECKOMAS_MWENGI.webp,2022,
AUGUSTINE KAMANDE MWAFRIKA,UDA,ROYSAMBU,NAIROBI,Elected,male,https://f003.backblazeb2.com/file/serikali-images/mps/2022/HON_MWAFRIKA_AUGUSTINE_KAMANDE.webp,2022,
MWAGO AMOS MAINA,JP,STAREHE,NAIROBI,Elected,male,https://f003.backblazeb2.com/file/serikali-images/mps/2022/HON_MWAGO_AMOS_MAINA.webp,2022,
DANSON MWASHAKO MWAKUWONA,WDM,WUNDANYI,TAITA TAVETA,Elected,male,https://f003.backblazeb2.com/file/serikali-images/mps/2022/HON_MWAKUWONA_DANSON_MWASHAKO.webp,2022,
NICHOLAS S. TINDI MWALE,ODM,BUTERE,KAKAMEGA,Elected,male,https://f003.backblazeb2.com/file/serikali-images/mps/2022/HON_MWALE_NICHOLAS_SCOTT_TINDI.webp,2022,
JOSHUA MBITHI MUTUA MWALYO,IND,MASINGA,MACHAKOS,Elected,male,https://f003.backblazeb2.com/file/serikali-images/mps/2022/HON_MWALYO_JOSHUA_MBITHI.webp,2022,
GEOFFREY WANDETO MWANGI,UDA,TETU,NYERI,Elected,male,https://f003.backblazeb2.com/file/serikali-images/mps/2022/HON_MWANGI_GEOFFREY_WANDETO.webp,2022,
MARK SAMUEL MURIITHI MWENJE,JP,EMBAKASI WEST,NAIROBI,Elected,male,https://f003.backblazeb2.com/file/serikali-images/mps/2022/HON_MWENJE_MARK_SAMUEL_MURIITHI.webp,2022,
JOHN PAUL MWIRIGI,UDA,IGEMBE SOUTH,MERU,Elected,male,https://f003.backblazeb2.com/file/serikali-images/mps/2022/HON_MWIRIGI_JOHN_PAUL.webp,2022,
NABWERA DARAJA NABII,ODM,LUGARI,KAKAMEGA,Elected,male,https://f003.backblazeb2.com/file/serikali-images/mps/2022/HON_NABII_NABWERA_DARAJA.webp,2022,
PETER OSCAR NABULINDO,ODM,MATUNGU,KAKAMEGA,Elected,male,https://f003.backblazeb2.com/file/serikali-images/mps/2022/HON_NABULINDO_PETER_OSCAR.webp,2022,
JOHNSON MANYA NAICCA,ODM,MUMIAS WEST,KAKAMEGA,Elected,male,https://f003.backblazeb2.com/file/serikali-images/mps/2022/HON_NAICCA_JOHNSON_MANYA.webp,2022,
JOSEPH NAMUAR EMATHE,UDA,TURKANA CENTRAL,TURKANA,Elected,male,https://f003.backblazeb2.com/file/serikali-images/mps/2022/HON_NAMUAR_JOSEPH_EMATHE.webp,2022,
DANIEL EPUYO NANOK,UDA,TURKANA WEST,TURKANA,Elected,male,https://f003.backblazeb2.com/file/serikali-images/mps/2022/HON_NANOK_DANIEL_EPUYO.webp,2022,
GEORGE KOIMBURI NDUNG'U,UDA,JUJA,KIAMBU,Elected,male,https://f003.backblazeb2.com/file/serikali-images/mps/2022/HON_NDUNGU_GEORGE_KOIMBURI.webp,2022,
ALICE WAMBUI NG'ANG'A,UDA,THIKA TOWN,KIAMBU,Elected,female,https://f003.backblazeb2.com/file/serikali-images/mps/2022/HON_NGANGA_ALICE_WAMBUI.webp,2022,
NICHOLAS NGIKOR NIXON NGIKOLONG,JP,TURKANA EAST,TURKANA,Elected,male,https://f003.backblazeb2.com/file/serikali-images/mps/2022/HON_NGIKOLONG_NICHOLAS_NGIKOR_NIXON.webp,2022,
CHARLES NGUSYA NGUNA,WDM,MWINGI WEST,KITUI,Elected,male,https://f003.backblazeb2.com/file/serikali-images/mps/2022/HON_NGUNA_NGUSYA_CHARLES.webp,2022,
ONESMUS NGOGOYO NGURO,UDA,KAJIADO NORTH,KAJIADO,Elected,male,https://f003.backblazeb2.com/file/serikali-images/mps/2022/HON_NGURO_ONESMUS_NGOGOYO.webp,2022,
MARY WAMAUA WAITHIRA NJOROGE,UDA,MARAGWA,MURANG'A,Elected,female,https://f003.backblazeb2.com/file/serikali-images/mps/2022/HON_NJOROGE_MARY_WAMAUA_WAITHIRA.webp,2022,
OLE NTUTU KITILAI,IND,NAROK SOUTH,NAROK,Elected,male,https://f003.backblazeb2.com/file/serikali-images/mps/2022/HON_NTUTU_KITILAI_OLE.webp,2022,
PATRICK MUNENE NTWIGA,UDA,CHUKA/IGAMBANG'OMBE,THARAKA-NITHI,Elected,male,https://f003.backblazeb2.com/file/serikali-images/mps/2022/HON_NTWIGA_PATRICK_MUNENE.webp,2022,
NYAKUNDI JAPHETH MOKAYA,UDA,KITUTU CHACHE NORTH,KISII,Elected,male,https://f003.backblazeb2.com/file/serikali-images/mps/2022/HON_NYAKUNDI_JAPHETH_MOKAYA.webp,2022,
RACHAEL KAKI NYAMAI,JP,KITUI SOUTH,KITUI,Elected,female,https://f003.backblazeb2.com/file/serikali-images/mps/2022/HON_NYAMAI_RACHAEL_KAKI.webp,2022,
MARK OGOLLA NYAMITA,ODM,URIRI,MIGORI,Elected,male,https://f003.backblazeb2.com/file/serikali-images/mps/2022/HON_NYAMITA_MARK_OGOLLA.webp,2022,
JOASH NYAMACHE NYAMOKO,UDA,NORTH MUGIRANGO,NYAMIRA,Elected,male,https://f003.backblazeb2.com/file/serikali-images/mps/2022/HON_NYAMOKO_JOASH_NYAMACHE.webp,2022,
EDITH VETHI NYENZE,WDM,KITUI WEST,KITUI,Elected,female,https://f003.backblazeb2.com/file/serikali-images/mps/2022/HON_NYENZE_EDITH_VETHI.webp,2022,
JAMES WAMBURA NYIKAL,ODM,SEME,KISUMU,Elected,male,https://f003.backblazeb2.com/file/serikali-images/mps/2022/HON_NYIKAL_WAMBURA_JAMES.webp,2022,
SAMSON NDINDI NYORO,UDA,KIHARU,MURANG'A,Elected,male,https://f003.backblazeb2.com/file/serikali-images/mps/2022/HON_NYORO_SAMSON_NDINDI.webp,2022,
PAUL MUSYIMI NZENGU,WDM,MWINGI NORTH,KITUI,Elected,male,https://f003.backblazeb2.com/file/serikali-images/mps/2022/HON_NZENGU_PAUL_MUSYIMI.webp,2022,
ERASTUS KIVASU NZIOKA,WDM,MBOONI,MAKUENI,Elected,male,https://f003.backblazeb2.com/file/serikali-images/mps/2022/HON_NZIOKA_ERASTUS_KIVASU.webp,2022,
EVE AKINYI OBARA,ODM,KABONDO KASIPUL,HOMA BAY,Elected,female,https://f003.backblazeb2.com/file/serikali-images/mps/2022/HON_OBARA_EVE_AKINYI.webp,2022,
INNOCENT OBIRI MOMANYI,WDM,BOBASI,KISII,Elected,male,https://f003.backblazeb2.com/file/serikali-images/mps/2022/HON_OBIRI_INNOCENT_MOMANYI.webp,2022,
RUWEIDA MOHAMED OBO,JP,LAMU EAST,LAMU,Elected,female,https://f003.backblazeb2.com/file/serikali-images/mps/2022/HON_OBO_RUWEIDA_MOHAMED.webp,2022,
DAVID OUMA OCHIENG,MDG,UGENYA,SIAYA,Elected,male,https://f003.backblazeb2.com/file/serikali-images/mps/2022/HON_OCHIENG_DAVID_OUMA.jpeg,2022,
GEOFFREY MAKOKHA ODANGA,ODM,MATAYOS,BUSIA,Elected,male,https://f003.backblazeb2.com/file/serikali-images/mps/2022/HON_ODANGA_GEOFFREY_MAKOKHA.webp,2022,
TOM MBOYA ODEGE,ODM,NYATIKE,MIGORI,Elected,male,https://f003.backblazeb2.com/file/serikali-images/mps/2022/HON_ODEGE_TOM_MBOYA.webp,2022,
ELISHA OCHIENG ODHIAMBO,ODM,GEM,SIAYA,Elected,male,https://f003.backblazeb2.com/file/serikali-images/mps/2022/HON_ODHIAMBO_ELISHA_OCHIENG.webp,2022,
MILLIE GRACE AKOTH ODHIAMBO,ODM,SUBA NORTH,HOMA BAY,Elected,female,https://f003.backblazeb2.com/file/serikali-images/mps/2022/HON_ODHIAMBO_MILLIE_GRACE_AKOTH.webp,2022,
GIDEON OCHANDA OGOLLA,ODM,BONDO,SIAYA,Elected,male,https://f003.backblazeb2.com/file/serikali-images/mps/2022/HON_OGOLLA_GIDEON_OCHANDA.webp,2022,
OKELLO JARED ODOYO,ODM,NYANDO,KISUMU,Elected,male,https://f003.backblazeb2.com/file/serikali-images/mps/2022/HON_OKELO_JARED_ODOYO.webp,2022,
ANDREW ADIPO OKUOME,ODM,KARACHUONYO,HOMA BAY,Elected,male,https://f003.backblazeb2.com/file/serikali-images/mps/2022/HON_OKUOME_ADIPO_ANDREW.webp,2022,
ANTHONY TOM OLUOCH,ODM,MATHARE,NAIROBI,Elected,male,https://f003.backblazeb2.com/file/serikali-images/mps/2022/HON_OLUOCH_ANTHONY_TOM.webp,2022,
MILEMBA JEREMIAH OMBOKO,ANC,EMUHAYA,VIHIGA,Elected,male,https://f003.backblazeb2.com/file/serikali-images/mps/2022/HON_OMBOKO_MILEMBA.webp,2022,
CAROLI OMONDI,ODM,SUBA SOUTH,HOMA BAY,Elected,male,https://f003.backblazeb2.com/file/serikali-images/mps/2022/HON_OMONDI_CAROLI.webp,2022,
GEORGE ALADWA OMWERA,ODM,MAKADARA,NAIROBI,Elected,male,https://f003.backblazeb2.com/file/serikali-images/mps/2022/HON_OMWERA_GEORGE_ALDWA.webp,2022,
ONCHOKE CHARLES MAMWACHA,UPA,BONCHARI,KISII,Elected,male,https://f003.backblazeb2.com/file/serikali-images/mps/2022/HON_ONCHOKE_CHARLES_MAMWACHA.webp,2022,
SILVANUS OSORO ONYIEGO,UDA,SOUTH MUGIRANGO,KISII,Elected,male,https://f003.backblazeb2.com/file/serikali-images/mps/2022/HON_ONYIEGO_SILVANUS_OSORO.webp,2022,
PETER OCHIENG ORERO,ODM,KIBRA,NAIROBI,Elected,male,https://f003.backblazeb2.com/file/serikali-images/mps/2022/HON_ORERO_PETER_OCHIENG.webp,2022,
JOSHUA ODONGO ORON,ODM,KISUMU CENTRAL,KISUMU,Elected,male,https://f003.backblazeb2.com/file/serikali-images/mps/2022/HON_ORON_JOSHUA_ODONGO.webp,2022,
PATRICK KIBAGENDI OSERO,ODM,BORABU,NYAMIRA,Elected,male,https://f003.backblazeb2.com/file/serikali-images/mps/2022/HON_OSERO_PATRICK.webp,2022,
MARY EMAASE OTUCHO,UDA,TESO SOUTH,BUSIA,Elected,female,https://f003.backblazeb2.com/file/serikali-images/mps/2022/HON_OTUCHO_MARY_EMAASE.webp,2022,
WILBERFORCE OJIAMBO OUNDO,ODM,FUNYULA,BUSIA,Elected,male,https://f003.backblazeb2.com/file/serikali-images/mps/2022/HON_OUNDO_WILBERFORCE_OJIAMBO.webp,2022,
JOHN WALTER OWINO,ODM,AWENDO,MIGORI,Elected,male,https://f003.backblazeb2.com/file/serikali-images/mps/2022/HON_OWINO_JOHN_WALTER.webp,2022,
MARTINS PETERS OWINO,ODM,NDHIWA,HOMA BAY,Elected,male,https://f003.backblazeb2.com/file/serikali-images/mps/2022/HON_OWINO_MARTIN_PETERS.webp,2022,
JOSHUA ADUMA OWUOR,ODM,NYAKACH,KISUMU,Elected,male,https://f003.backblazeb2.com/file/serikali-images/mps/2022/HON_OWUOR_JOSHUA_ADUMA.webp,2022,
JAMES ONYANGO OYOO,ODM,MUHORONI,KISUMU,Elected,male,https://f003.backblazeb2.com/file/serikali-images/mps/2022/HON_OYOO_JAMES_ONYANGO.webp,2022,
DICK MAUNGU OYUGI,DAP-K,LUANDA,VIHIGA,Elected,male,https://f003.backblazeb2.com/file/serikali-images/mps/2022/HON_OYUGI_DICK_MAUNGU.webp,2022,
JOSEPH H. MAERO OYULA,ODM,BUTULA,BUSIA,Elected,male,https://f003.backblazeb2.com/file/serikali-images/mps/2022/HON_OYULA_JOSEPH_H_MAERO.webp,2022,
PARASHINA SAMUEL SAKIMBA,ODM,KAJIADO SOUTH,KAJIADO,Elected,male,https://f003.backblazeb2.com/file/serikali-images/mps/2022/HON_PARASHINA_SAMUEL_SAKIMBA.webp,2022,
AGNES MANTAINE PAREYIO,JP,NAROK NORTH,NAROK,Elected,female,https://f003.backblazeb2.com/file/serikali-images/mps/2022/HON_PAREYIO_MANTAINE_AGNES.webp,2022,
DAVID PKOSING,KUP,POKOT SOUTH,WEST POKOT,Elected,male,https://f003.backblazeb2.com/file/serikali-images/mps/2022/HON_PKOSING_DAVID.webp,2022,
SAMUEL GONZI RAI,PAA,KINANGO,KWALE,Elected,male,https://f003.backblazeb2.com/file/serikali-images/mps/2022/HON_RAI_SAMUEL_GONZI.webp,2022,
DIDO ALI RASO,UDA,SAKU,MARSABIT,Elected,male,https://f003.backblazeb2.com/file/serikali-images/mps/2022/HON_RASSO_COL_RTD_DIDO_ALI.webp,2022,
REUBEN KIBOREK KIPNGOR,UDA,MOGOTIO,BARINGO,Elected,male,https://f003.backblazeb2.com/file/serikali-images/mps/2022/HON_REUBEN_KIBOREK.webp,2022,
MATHIAS NYAMABE ROBI,UDA,KURIA WEST,MIGORI,Elected,male,https://f003.backblazeb2.com/file/serikali-images/mps/2022/HON_ROBI_MATHIAS_NYAMABE.webp,2022,
PETER KALERWA SALASYA,DAP-K,MUMIAS EAST,KAKAMEGA,Elected,male,https://f003.backblazeb2.com/file/serikali-images/mps/2022/HON_SALASYA_PETER_KALERWA.webp,2022,
SALIM FEISAL BADER,UDA,MSAMBWENI,KWALE,Elected,male,https://f003.backblazeb2.com/file/serikali-images/mps/2022/HON_SALIM_FEISAL_ABDALLAH_BADER.webp,2022,
IBRAHIM ADBI SANEY,UDA,WAJIR NORTH,WAJIR,Elected,male,https://f003.backblazeb2.com/file/serikali-images/mps/2022/HON_SANEY_IBRAHIM_ADBI.webp,2022,
PETER MBOGHO SHAKE,JP,MWATATE,TAITA TAVETA,Elected,male,https://f003.backblazeb2.com/file/serikali-images/mps/2022/HON_SHAKE_MBOGHO_PETER.webp,2022,
OMAR MWINYI SHIMBWA,ODM,CHANGAMWE,MOMBASA,Elected,male,https://f003.backblazeb2.com/file/serikali-images/mps/2022/HON_SHIMBWA_OMAR_MWINYI.webp,2022,
BERNARD MASAKA SHINALI,ODM,IKOLOMANI,KAKAMEGA,Elected,male,https://f003.backblazeb2.com/file/serikali-images/mps/2022/HON_SHINALI_BERNARD_MASAKA.webp,2022,
ABDI OMAR SHURIE,JP,BALAMBALA,GARISSA,Elected,male,https://f003.backblazeb2.com/file/serikali-images/mps/2022/HON_SHURIE_ABDI_OMAR.webp,2022,
FRANCIS KIPYEGON ARAP SIGEI,UDA,SOTIK,BOMET,Elected,male,https://f003.backblazeb2.com/file/serikali-images/mps/2022/HON_SIGEI_FRANCIS_KIPYEGON_ARAP.webp,2022,
MUSA CHERUTICH SIRMA,UDA,ELDAMA RAVINE,BARINGO,Elected,male,https://f003.backblazeb2.com/file/serikali-images/mps/2022/HON_SIRMA_MUSA_CHERUTICH.webp,2022,
DANIEL WANYAMA SITATI,UDA,WEBUYE WEST,BUNGOMA,Elected,male,https://f003.backblazeb2.com/file/serikali-images/mps/2022/HON_SITATI_DANIEL_WANYAMA.webp,2022,
JANET JEPKEMBOI SITIENEI,UDA,TURBO,UASIN GISHU,Elected,female,https://f003.backblazeb2.com/file/serikali-images/mps/2022/HON_SITIENEI_JANET_JEPKEMBOI.webp,2022,
SLOYA CLEMENT LOGOVA,UDA,SABATIA,VIHIGA,Elected,male,https://f003.backblazeb2.com/file/serikali-images/mps/2022/HON_SLOYA_CLEMENT_LOGOVA.webp,2022,
OSCAR KIPCHUMBA SUDI,UDA,KAPSERET,UASIN GISHU,Elected,male,https://f003.backblazeb2.com/file/serikali-images/mps/2022/HON_SUDI_OSCAR_KIPCHUMBA.webp,2022,
SUNKUIYA GEORGE RISA,UDA,KAJIADO WEST,KAJIADO,Elected,male,https://f003.backblazeb2.com/file/serikali-images/mps/2022/HON_SUNKUIYA_GEORGE_RISA.webp,2022,
JULIUS LEKAKENY OLE SUNKULI,KANU,KILGORIS,NAROK,Elected,male,https://f003.backblazeb2.com/file/serikali-images/mps/2022/HON_SUNKULI_JULIUS_LEKAKENY.webp,2022,
JULIUS TAITUMU M'ANAIBA,UDA,IGEMBE NORTH,MERU,Elected,male,https://f003.backblazeb2.com/file/serikali-images/mps/2022/HON_TAITAMU_JULIUS_M%C3%81NAIBA.webp,2022,
KASSIM SAWA TANDAZA,ANC,MATUGA,KWALE,Elected,male,https://f003.backblazeb2.com/file/serikali-images/mps/2022/HON_TANDAZA_KASSIM_SAWA.webp,2022,
THUKU ZACHARY KWENYA,JP,KINANGOP,NYANDARUA,Elected,male,https://f003.backblazeb2.com/file/serikali-images/mps/2022/HON_THUKU_ZACHARY_KWENYA.webp,2022,
GABRIEL KOSHAL TONGOYO,UDA,NAROK WEST,NAROK,Elected,male,https://f003.backblazeb2.com/file/serikali-images/mps/2022/HON_TONGOYO_GABRIEL_KOSHAL.webp,2022,
JOSEPH KIPKOSGEI TONUI,UDA,KURESOI SOUTH,NAKURU,Elected,male,https://f003.backblazeb2.com/file/serikali-images/mps/2022/HON_TONUI_JOSEPH_KIPKOSGEI.webp,2022,
TIMOTHY KIPCHUMBA TOROITICH,IND,MARAKWET WEST,WEST POKOT,Elected,male,https://f003.backblazeb2.com/file/serikali-images/mps/2022/HON_TOROITICH_TIMOTHY_KIPCHUMBA.webp,2022,
CHARO KENNETH KAZUNGU TUNGULE,PAA,GANZE,KILIFI,Elected,male,https://f003.backblazeb2.com/file/serikali-images/mps/2022/HON_TUNGULE_CHARO_KENNETH_KAZUNGU.webp,2022,
ANTHONY NJOROGE WAINAINA,UDA,KIENI,NYERI,Elected,male,https://f003.backblazeb2.com/file/serikali-images/mps/2022/HON_WAINAINA_ANTHONY_NJOROGE.webp,2022,
MICHAEL WAMBUGU WAINAINA,UDA,OTHAYA,NYERI,Elected,male,https://f003.backblazeb2.com/file/serikali-images/mps/2022/HON_WAINAINA_MICHAEL_WAMBUGU.webp,2022,
JOHN MACHUA WAITHAKA,UDA,KIAMBU,KIAMBU,Elected,male,https://f003.backblazeb2.com/file/serikali-images/mps/2022/HON_WAITHAKA_JOHN_MACHUA.webp,2022,
JAMES GITHUA KAMAU WAMACUKURU,UDA,KABETE,KIAMBU,Elected,female,https://f003.backblazeb2.com/file/serikali-images/mps/2022/HON_WAMACUKURU_JAMES_GITHUA_KAMAU.webp,2022,
NELSON JACK WANAMI WAMBOKA,DAP-K,BUMULA,BUNGOMA,Elected,male,https://f003.backblazeb2.com/file/serikali-images/mps/2022/HON_WAMBOKA_WANAMI_JACK_NELSON.webp,2022,
GATHONI WAMUCHOMBA,UDA,GITHUNGURI,KIAMBU,Elected,female,https://f003.backblazeb2.com/file/serikali-images/mps/2022/HON_WAMUCHOMBA_GATHONI.webp,2022,
CHRISTOPHER ASEKA WANGAYA,ODM,KHWISERO,KAKAMEGA,Elected,male,https://f003.backblazeb2.com/file/serikali-images/mps/2022/HON_WANGAYA_CHRISTOPHER_ASEKA.webp,2022,
EMMANUE WANGWE,ODM,NAVAKHOLO,KAKAMEGA,Elected,male,https://f003.backblazeb2.com/file/serikali-images/mps/2022/HON_WANGWE_EMMANUEL.webp,2022,
RAPHAEL SAUTI BITTA WANJALA,ODM,BUDALANGI,BUSIA,Elected,male,https://f003.backblazeb2.com/file/serikali-images/mps/2022/HON_WANJALA_RAPHAEL_BITTA_SAUTI.webp,2022,
JOHN NJUGUNA WANJIKU,UDA,KIAMBAA,KIAMBU,Elected,male,https://f003.backblazeb2.com/file/serikali-images/mps/2022/HON_WANJIKU_JOHN_NJUGUNA.webp,2022,
MARTHA WANGARI WANJIRA,UDA,GILGIL,NAKURU,Elected,female,https://f003.backblazeb2.com/file/serikali-images/mps/2022/HON_WANJIRA_MARTHA_WANGARI.webp,2022,
FERDINAND KEVIN WANYONYI,FORD-K,KWANZA,TRANS-NZOIA,Elected,male,https://f003.backblazeb2.com/file/serikali-images/mps/2022/HON_WANYONYI_KEVIN_FERDINAND.webp,2022,
MARTIN PEPELA WANYONYI,FORD-K,WEBUYE EAST,BUNGOMA,Elected,male,https://f003.backblazeb2.com/file/serikali-images/mps/2022/HON_WANYONYI_MARTIN_PEPELA.webp,2022,
JOHN KIARIE WAWERU,UDA,DAGORETTI SOUTH,NAIROBI,Elected,male,https://f003.backblazeb2.com/file/serikali-images/mps/2022/HON_WAWERU_JOHN_KIARIE.webp,2022,
TIMOTHY WANYONYI WETANGULA,ODM,WESTLANDS,NAIROBI,Elected,male,https://f003.backblazeb2.com/file/serikali-images/mps/2022/HON_WETANGULA_TIMOTHY_WANYONYI.webp,2022,
BRIGHTON LEONARD YEGON,UDA,KONOIN,BOMET,Elected,male,https://f003.backblazeb2.com/file/serikali-images/mps/2022/HON_YEGON_BRIGHTON_LEONARD.webp,2022,
RICHARD KIPKEMOI YEGON,UDA,BOMET EAST,BOMET,Elected,male,https://f003.backblazeb2.com/file/serikali-images/mps/2022/HON_YEGON_RICHARD_KIPKEMOI.webp,2022,
ADAN HAJI YUSSUF,UDM,MANDERA WEST,MANDERA,Elected,male,https://f003.backblazeb2.com/file/serikali-images/mps/2022/HON_YUSSUF_ADAN_HAJI.webp,2022,
FRANCIS KURIA KIMANI,UDA,MOLO,NAKURU,Elected,male,https://f003.backblazeb2.com/file/serikali-images/mps/2022/HONCPA_KIMANI_FRANCIS_KURIA.webp,2022,
KIILI DANIEL KARITHO,JP,IGEMBE CENTRAL,MERU,Elected,male,https://f003.backblazeb2.com/file/serikali-images/mps/2022/HONKARITHO_KIILI_DANIEL.webp,2022,
JAPHET MIRITI KAREKE MBIUKI,UDA,MAARA,THARAKA-NITHI,Elected,male,https://f003.backblazeb2.com/file/serikali-images/mps/2022/HONMBIUKI_JAPHET_MIRITI_KAREKE.webp,2022,
Dekow Barrow Mohamed,UDA,GARISSA TOWNSHIP,GARISSA,Elected,male,https://f003.backblazeb2.com/file/serikali-images/mps/2022/Dekow_Barrow_Mohamed.webp,2023,
ADEN BARE DUALE,UDA,GARISSA TOWNSHIP,GARISSA,Elected,male,https://f003.backblazeb2.com/file/serikali-images/mps/2022/Aden_Bare_Duale.webp,2022,2022
ALICE MUTHONI WAHOME,UDA,KANDARA,MURANG'A,Elected,female,https://f003.backblazeb2.com/file/serikali-images/mps/2022/Alice_Muthoni_Wahome.webp,2022,2022
Chege Njuguna,UDA,KANDARA,MURANG'A,Elected,male,https://f003.backblazeb2.com/file/serikali-images/mps/2022/Chege_Njuguna.webp,2023,
Geoffrey Kariuki Kiringa Ruku,UDA,MBEERE NORTH,EMBU,Elected,male,https://f003.backblazeb2.com/file/serikali-images/mps/2022/Geoffrey_Kariuki_Kiringa_Ruku.webp,2022,2025
James Opiyo Wandayi,ODM,UGUNJA,SIAYA,Elected,male,https://f003.backblazeb2.com/file/serikali-images/mps/2022/James_Opiyo_Wandayi.webp,2022,2024
Moses Malulu Injendi,ODM,MALAVA,KAKAMEGA,Elected,male,https://f003.backblazeb2.com/file/serikali-images/mps/2022/Moses_Malulu_Injendi.webp,2022,
CHARLES ONG'ONDO WERE,ODM,KASIPUL,HOMA BAY,Elected,male,https://f003.backblazeb2.com/file/serikali-images/mps/2022/Charles_Ongondo_Were.webp,2022,2025
Rindikiri Mugambi Murwithania,UDA,BUURI,MERU,Elected,male,https://f003.backblazeb2.com/file/serikali-images/mps/2022/Rindikiri_Mugambi_Murwithania.webp,2022,
